"slug","name","brandName","description","affiliateUrl","factoringType","feeMin","feeMax","minAmount","maxAmount","speedDays","onlineComplete","soleProprietorOk","weekendPayment","requiredDocuments","address","approvalRate","features","pros","cons","establishedYear","targetIndustries"
"accel-factor","株式会社アクセルファクター","アクセルファクター","","https://accelfacter.co.jp/","2社間・3社間","2","20","300000","100000000","1","TRUE","FALSE","FALSE","","","","最短2時間入金、審査通過率93%以上、少額30万円から対応、オンライン完結、全国対応","対応が迅速、審査が柔軟、全国対応","知名度がやや低い、手数料は個別査定","","建設業、運送業、製造業、IT・Web、サービス業"
"betrading","株式会社ビートレーディング","ビートレーディング","","https://betrading.jp/","2社間・3社間","2","12","10000","700000000","1","TRUE","FALSE","FALSE","","","","最短2時間入金、累計8.5万社利用、注文書ファクタリング対応、オンライン完結、全国5拠点","対応が迅速、審査が柔軟、全国対応","知名度がやや低い、手数料は個別査定","","建設業、運送業、製造業、IT・Web、サービス業"
"labol","株式会社ラボル","labol","","https://px.a8.net/svt/ejp?a8mat=4AX0WK+F2DWVM+40JM+1BP19T","2社間","10","10","10000","10000000","1","TRUE","FALSE","FALSE","","","","IT・クリエイター特化、最短60分入金、1万円から利用OK、24時間申込可能、オンライン完結","対応が迅速、審査が柔軟、全国対応","知名度がやや低い、手数料は個別査定","","建設業、運送業、製造業、IT・Web、サービス業"
"paytner","ペイトナー株式会社","ペイトナーファクタリング","","https://px.a8.net/svt/ejp?a8mat=4AX0WK+EMWN5E+4PF6+644DT","2社間","10","10","10000","1000000","1","TRUE","FALSE","FALSE","","","","最短10分入金、手数料一律10%、1万円から利用OK、書類3点のみ、アプリ対応","対応が迅速、審査が柔軟、全国対応","知名度がやや低い、手数料は個別査定","","建設業、運送業、製造業、IT・Web、サービス業"
"ququmo","株式会社アクティブサポート","QuQuMo","","https://px.a8.net/svt/ejp?a8mat=4AX5KD+9QOC36+4JGG+BXIYP","2社間","1","14.8","10000","50000000","1","TRUE","FALSE","FALSE","","","","最速2時間入金、手数料1%〜、オンライン完結、個人事業主OK、金額上限なし","対応が迅速、審査が柔軟、全国対応","知名度がやや低い、手数料は個別査定","","建設業、運送業、製造業、IT・Web、サービス業"
"japan-management","株式会社ラインオフィスサービス","ジャパンマネジメント","","https://px.a8.net/svt/ejp?a8mat=4AX1ON+BN56NM+3V6A+5YJRM","2社間・3社間","3","20","500000","50000000","1","FALSE","FALSE","FALSE","","","","東京・福岡2拠点、24時間相談対応、全国出張可能、3社間で手数料優遇、即日審査完了","対応が迅速、審査が柔軟、全国対応","知名度がやや低い、手数料は個別査定","","建設業、運送業、製造業、IT・Web、サービス業"
"best-factor","株式会社アレシア","ベストファクター","","https://bestfactor.jp/","2社間・3社間","2","20","300000","100000000","1","TRUE","FALSE","FALSE","","","","即日入金可能、オンライン完結、審査通過率93%、個人事業主OK、全国対応","対応が迅速、審査が柔軟、全国対応","知名度がやや低い、手数料は個別査定","","建設業、運送業、製造業、IT・Web、サービス業"
"chatwork-sakibarai","株式会社kubell","Chatwork先払い","","https://go.chatwork.com/ja/early-payment/","2社間・3社間","1","10","300000","50000000","1","TRUE","FALSE","FALSE","","","","Chatwork連携、オンライン完結、請求書買取、法人向け、テクノロジー活用","対応が迅速、審査が柔軟、全国対応","知名度がやや低い、手数料は個別査定","","建設業、運送業、製造業、IT・Web、サービス業"
"chusho-support","一般社団法人日本中小企業金融サポート機構","日本中小企業金融サポート機構","","https://neo7.net/link.php?id=N0000272&adwares=A0000227&tag=","2社間・3社間","1.5","10","10000","50000000","1","TRUE","FALSE","FALSE","","","","一般社団法人運営、手数料1.5%〜、金額制限なし、オンライン完結、経営サポート付き","対応が迅速、審査が柔軟、全国対応","知名度がやや低い、手数料は個別査定","","建設業、運送業、製造業、IT・Web、サービス業"
"no1","株式会社No.1","No.1ファクタリング","","https://px.a8.net/svt/ejp?a8mat=4AX5KD+A5K67M+4EKW+5ZEMP","2社間・3社間","1","15","500000","50000000","1","FALSE","FALSE","FALSE","","","","建設業特化、対面相談可能、全国出張対応、3社間対応、診療報酬対応","対応が迅速、審査が柔軟、全国対応","知名度がやや低い、手数料は個別査定","","建設業、運送業、製造業、IT・Web、サービス業"
"olta","OLTA株式会社","OLTA","","https://www.olta.co.jp/","2社間","2","9","300000","50000000","1","TRUE","FALSE","FALSE","","","","AI審査、完全オンライン、請求書のアップロードだけ、手数料上限9%、金額制限なし","対応が迅速、審査が柔軟、全国対応","知名度がやや低い、手数料は個別査定","","建設業、運送業、製造業、IT・Web、サービス業"
"pay-today","Dual Life Partners株式会社","PayToday","","https://paytoday.jp/","2社間","1","9.5","300000","50000000","1","TRUE","FALSE","FALSE","","","","最短30分入金、手数料1%〜、AI審査、完全オンライン、少額OK","対応が迅速、審査が柔軟、全国対応","知名度がやや低い、手数料は個別査定","","建設業、運送業、製造業、IT・Web、サービス業"
"pmg","ピーエムジー株式会社","PMG","","https://p-m-g.tokyo/","2社間・3社間","2","15","500000","200000000","1","TRUE","FALSE","FALSE","","","","月間500件以上の取扱、新規契約率98%、最大2億円対応、オンライン完結、全国対応","対応が迅速、審査が柔軟、全国対応","知名度がやや低い、手数料は個別査定","","建設業、運送業、製造業、IT・Web、サービス業"
"saison-invoice","株式会社クレディセゾン","SAISON INVOICE","","https://www.saisoninvoice.com/","2社間・3社間","1","8","300000","50000000","2","TRUE","FALSE","FALSE","","","","セゾングループ、大手運営、法人向け、オンライン対応、全国対応","対応が迅速、審査が柔軟、全国対応","知名度がやや低い、手数料は個別査定","","建設業、運送業、製造業、IT・Web、サービス業"
"smbc-fs","SMBCファイナンスサービス株式会社","SMBCファイナンスサービス","","https://www.smbc-fs.co.jp/","3社間","0.5","3","10000000","50000000","5","FALSE","FALSE","FALSE","","","","三井住友グループ、大手金融機関、低手数料、法人向け、大口対応","対応が迅速、審査が柔軟、全国対応","知名度がやや低い、手数料は個別査定","","建設業、運送業、製造業、IT・Web、サービス業"
"alpharia","アルファリア株式会社","アルファリア","","https://alpharia.co.jp/","2社間・3社間","3","15","300000","50000000","1","TRUE","FALSE","FALSE","","","","即日入金可能、オンライン対応、個人事業主OK、全国対応、柔軟な審査","対応が迅速、審査が柔軟、全国対応","知名度がやや低い、手数料は個別査定","","建設業、運送業、製造業、IT・Web、サービス業"
"denshi-hayabarai","インフォマート株式会社","電子請求書早払い","","https://hayabarai.jp/","2社間・3社間","1","8","300000","50000000","1","TRUE","FALSE","FALSE","","","","電子請求書対応、オンライン完結、即日入金、法人向け、テクノロジー活用","対応が迅速、審査が柔軟、全国対応","知名度がやや低い、手数料は個別査定","","建設業、運送業、製造業、IT・Web、サービス業"
"factor-com","ファクター.com","","","https://factor-com.jp/","2社間・3社間","2","12","300000","50000000","1","TRUE","FALSE","FALSE","","","","即日入金可能、オンライン対応、個人事業主OK、全国対応、柔軟な審査","対応が迅速、審査が柔軟、全国対応","知名度がやや低い、手数料は個別査定","","建設業、運送業、製造業、IT・Web、サービス業"
"kaipoke-early","株式会社エス・エム・エス","カイポケ早期入金","","https://ads.kaipoke.biz/","3社間","0.8","3","300000","50000000","3","TRUE","FALSE","FALSE","","","","介護事業者特化、低手数料、介護報酬対応、大手運営、安心のサービス","対応が迅速、審査が柔軟、全国対応","知名度がやや低い、手数料は個別査定","","建設業、運送業、製造業、IT・Web、サービス業"
"nec-capital","NECキャピタルソリューション株式会社","NECキャピタルソリューション","","https://www.necap.co.jp/","3社間","0.5","3","10000000","50000000","5","FALSE","FALSE","FALSE","","","","NECグループ、大手運営、法人向け、リース対応、全国対応","対応が迅速、審査が柔軟、全国対応","知名度がやや低い、手数料は個別査定","","建設業、運送業、製造業、IT・Web、サービス業"
"paybridge","株式会社トップ・マネジメント","PAYBRIDGE","","https://px.a8.net/svt/ejp?a8mat=4AX1OL+BQPSAA+3JLM+BWVTE","2社間・3社間","3","15","300000","50000000","1","TRUE","FALSE","FALSE","","","","即日入金可能、オンライン対応、個人事業主OK、全国対応、柔軟な審査","対応が迅速、審査が柔軟、全国対応","知名度がやや低い、手数料は個別査定","","建設業、運送業、製造業、IT・Web、サービス業"
"showa-lease","昭和リース株式会社","昭和リース","","https://www.s-lease.com/","3社間","1","5","5000000","50000000","5","FALSE","FALSE","FALSE","","","","SBIグループ、大手リース会社、法人向け、大口対応、全国対応","対応が迅速、審査が柔軟、全国対応","知名度がやや低い、手数料は個別査定","","建設業、運送業、製造業、IT・Web、サービス業"
"tokyo-century","東京センチュリー株式会社","東京センチュリー","","https://www.tokyocentury.co.jp/","3社間","0.5","3","10000000","50000000","5","FALSE","FALSE","FALSE","","","","伊藤忠・みずほグループ、大手金融機関、法人向け、リース対応、全国対応","対応が迅速、審査が柔軟、全国対応","知名度がやや低い、手数料は個別査定","","建設業、運送業、製造業、IT・Web、サービス業"
"anew","anew合同会社","anew","","https://anew-factoring.jp/","2社間","2","9","500000","50000000","2","TRUE","FALSE","FALSE","","","","OLTA×新生銀行共同出資、AI審査で低手数料、銀行グループの信頼性、オンライン完結、秘密厳守","対応が迅速、審査が柔軟、全国対応","知名度がやや低い、手数料は個別査定","","建設業、運送業、製造業、IT・Web、サービス業"
"mf-early-payment","マネーフォワードケッサイ株式会社","マネーフォワード アーリーペイメント","","https://mfkessai.co.jp/ep/top","2社間","1","10","500000","50000000","1","TRUE","FALSE","FALSE","","","","マネーフォワードグループ、法人専門、即日入金可能、債権譲渡登記不要、オンライン完結","対応が迅速、審査が柔軟、全国対応","知名度がやや低い、手数料は個別査定","","建設業、運送業、製造業、IT・Web、サービス業"
"act-will","アクト・ウィル株式会社","アクト・ウィル","","https://px.a8.net/svt/ejp?a8mat=4AX1OL+BIDPTE+5KPA+BWVTE","2社間・3社間","10","20","300000","100000000","1","FALSE","FALSE","FALSE","","","","最高1億円対応、審査通過率90%以上、即日入金可能、大口案件に強い、全国出張対応","対応が迅速、審査が柔軟、全国対応","知名度がやや低い、手数料は個別査定","","建設業、運送業、製造業、IT・Web、サービス業"
"ad-planning","株式会社アドプランニング","アドプランニング","","https://px.a8.net/svt/ejp?a8mat=4AX1OL+BSI33M+5LZE+BXB8X","2社間・3社間","2","10","100000","100000000","1","TRUE","FALSE","FALSE","","","","手数料2%〜10%、少額10万円から対応、最短30分審査、審査通過率88%、資金繰りコンサル付き","対応が迅速、審査が柔軟、全国対応","知名度がやや低い、手数料は個別査定","","建設業、運送業、製造業、IT・Web、サービス業"
"factorplan","株式会社ワイズコーポレーション","ファクタープラン","","https://px.a8.net/svt/ejp?a8mat=4AX5KD+A079RM+5RC6+5YJRM","2社間","3","18","100000","50000000","1","TRUE","FALSE","FALSE","","","","最短4時間で資金化、調達成功率95.2%、スマホで完結、全国対応、リピート率92.7%","対応が迅速、審査が柔軟、全国対応","知名度がやや低い、手数料は個別査定","","建設業、運送業、製造業、IT・Web、サービス業"
"gmo-btob","GMOペイメントゲートウェイ株式会社","GMO BtoB早払い","","https://www.gmo-pg.com/lpc/hayabarai/","2社間","1","12","1000000","1000000000","2","TRUE","FALSE","FALSE","","","","東証プライム上場企業運営、注文書買取対応、手数料1%〜、オンライン完結、法人専用","対応が迅速、審査が柔軟、全国対応","知名度がやや低い、手数料は個別査定","","建設業、運送業、製造業、IT・Web、サービス業"
"goodplus","GoodPlus株式会社","GoodPlus","","https://px.a8.net/svt/ejp?a8mat=4AX5KD+A1ZKKY+5DD4+5ZU29","2社間","5","15","100000","50000000","1","TRUE","FALSE","FALSE","","","","土日祝も対応、最短90分入金、他社より1%安い保証、審査通過率90%、オンライン完結","対応が迅速、審査が柔軟、全国対応","知名度がやや低い、手数料は個別査定","","建設業、運送業、製造業、IT・Web、サービス業"
"mufg-factor","三菱UFJファクター株式会社","三菱UFJファクター","","https://www.mufg-factor.jp/","3社間","0.8","5","10000000","50000000","7","FALSE","FALSE","FALSE","","","","三菱UFJグループ、大企業向け、国際ファクタリング、一括ファクタリング、でんさい対応","対応が迅速、審査が柔軟、全国対応","知名度がやや低い、手数料は個別査定","","建設業、運送業、製造業、IT・Web、サービス業"
"next-one","株式会社ネクストワン","ネクストワン","","https://px.a8.net/svt/ejp?a8mat=4AX1OL+BRB7W2+4OCU+5ZMCH","2社間・3社間","1.5","10","300000","50000000","1","FALSE","FALSE","FALSE","","","","建設・医療業界特化、診療報酬ファクタリング対応、業界専門スタッフ在籍、即日入金可能、出張対応あり","対応が迅速、審査が柔軟、全国対応","知名度がやや低い、手数料は個別査定","","建設業、運送業、製造業、IT・Web、サービス業"
"trust-gateway","株式会社トラストゲートウェイ","トラストゲートウェイ","","https://px.a8.net/svt/ejp?a8mat=4AX5KD+A0SPDE+3RD2+5YJRM","2社間・3社間","1.5","9.5","100000","30000000","1","TRUE","FALSE","FALSE","","","","審査通過率95%以上、クラウド契約対応、医療系対応、福岡拠点、全国対応","対応が迅速、審査が柔軟、全国対応","知名度がやや低い、手数料は個別査定","","建設業、運送業、製造業、IT・Web、サービス業"
"freenance","GMOクリエイターズネットワーク株式会社","フリーナンス","","https://px.a8.net/svt/ejp?a8mat=4AX0WK+FEW0KY+47L8+5ZU29","2社間","3","10","10000","10000000","1","TRUE","FALSE","FALSE","","","","GMOグループ運営、即日払い対応、損害賠償保険付帯、1万円から利用可能、アプリで簡単操作","対応が迅速、審査が柔軟、全国対応","知名度がやや低い、手数料は個別査定","","建設業、運送業、製造業、IT・Web、サービス業"
"factoring-zero","株式会社スリートラスト","ファクタリングZERO","","https://px.a8.net/svt/ejp?a8mat=4AX5KD+A2L06Q+4DJO+5YJRM","2社間・3社間","1.5","10","200000","50000000","1","TRUE","FALSE","FALSE","","","","審査通過率96%、西日本に強い、診療・介護報酬対応、オンライン完結、2011年設立の実績","対応が迅速、審査が柔軟、全国対応","知名度がやや低い、手数料は個別査定","","建設業、運送業、製造業、IT・Web、サービス業"
"jtc","株式会社JTC","JTC","","https://j-t-c.info/","2社間・3社間","1.2","10","1000000","100000000","1","FALSE","FALSE","FALSE","","","","入金前払いシステム、名古屋・大阪拠点、1億円まで対応、対面相談可能、経営コンサル対応","対応が迅速、審査が柔軟、全国対応","知名度がやや低い、手数料は個別査定","","建設業、運送業、製造業、IT・Web、サービス業"
"mizuho-factor","みずほファクター株式会社","みずほファクター","","https://www.mizuho-factor.co.jp/","3社間","1","5","10000000","50000000","7","FALSE","FALSE","FALSE","","","","みずほグループ、大企業向け、3社間専門、低手数料、国際ファクタリング対応","対応が迅速、審査が柔軟、全国対応","知名度がやや低い、手数料は個別査定","","建設業、運送業、製造業、IT・Web、サービス業"
"nishi-nihon-factor","株式会社西日本ファクター","西日本ファクター","","https://px.a8.net/svt/ejp?a8mat=4AX1ON+BMJR1U+3XT0+5YJRM","2社間・3社間","2.8","15","300000","30000000","1","FALSE","FALSE","FALSE","","","","中国・九州エリア特化、最短即日入金、対面相談可能、地域密着サポート、経営相談対応","対応が迅速、審査が柔軟、全国対応","知名度がやや低い、手数料は個別査定","","建設業、運送業、製造業、IT・Web、サービス業"
"accretive","アクリーティブ株式会社","アクリーティブ","","https://www.accretive.jp/","3社間","0.25","5","1000000","50000000","5","FALSE","FALSE","FALSE","","","","東証プライム上場、医療・介護特化、年間取扱2000億円超、手数料月0.25%〜、全国47都道府県対応","対応が迅速、審査が柔軟、全国対応","知名度がやや低い、手数料は個別査定","","建設業、運送業、製造業、IT・Web、サービス業"
"actbiz","株式会社Act Biz","アクトビズ","","https://actbiz.co.jp/","2社間・3社間","3","15","300000","50000000","1","TRUE","FALSE","FALSE","","","","即日入金可能、オンライン対応、個人事業主OK、全国対応、柔軟な審査","対応が迅速、審査が柔軟、全国対応","知名度がやや低い、手数料は個別査定","","建設業、運送業、製造業、IT・Web、サービス業"
"ag-business","AGビジネスサポート株式会社","AGビジネスサポート","","https://www.ag-b.jp/","2社間・3社間","2","12","300000","50000000","1","TRUE","FALSE","FALSE","","","","アイフルグループ、契約実績15万件超、請求書1枚からOK、5秒診断あり、赤字決算でも対応","対応が迅速、審査が柔軟、全国対応","知名度がやや低い、手数料は個別査定","","建設業、運送業、製造業、IT・Web、サービス業"
"anchor-guardian","株式会社アンカーガーディアン","アンカーガーディアン","","https://anchorguardian.com/","2社間・3社間","3","15","300000","50000000","1","TRUE","FALSE","FALSE","","","","西日本特化、3社間3%〜、2社間5%〜、最短即日、対面相談可","対応が迅速、審査が柔軟、全国対応","知名度がやや低い、手数料は個別査定","","建設業、運送業、製造業、IT・Web、サービス業"
"avantia","株式会社アバンティア","アバンティア","","https://avantia.co.jp/","2社間・3社間","3","15","300000","50000000","1","TRUE","FALSE","FALSE","","","","即日入金可能、オンライン対応、個人事業主OK、全国対応、柔軟な審査","対応が迅速、審査が柔軟、全国対応","知名度がやや低い、手数料は個別査定","","建設業、運送業、製造業、IT・Web、サービス業"
"buy-factor","誠和キャピタル株式会社","BuyFactor","","https://buyfactor.jp/","2社間・3社間","3","15","300000","50000000","1","TRUE","FALSE","FALSE","","","","売掛金買取、即日入金、オンライン対応、個人事業主OK、全国対応","対応が迅速、審査が柔軟、全国対応","知名度がやや低い、手数料は個別査定","","建設業、運送業、製造業、IT・Web、サービス業"
"danbury","株式会社ダンバリコンサルティング","ダンバリコンサルティング","","https://danbury.co.jp/","2社間・3社間","3","15","300000","50000000","1","TRUE","FALSE","FALSE","","","","即日入金可能、オンライン対応、個人事業主OK、全国対応、柔軟な審査","対応が迅速、審査が柔軟、全国対応","知名度がやや低い、手数料は個別査定","","建設業、運送業、製造業、IT・Web、サービス業"
"dm-company","株式会社D&Mカンパニー","D&Mカンパニー","","https://dm-company.co.jp/","2社間・3社間","3","15","300000","50000000","1","TRUE","FALSE","FALSE","","","","即日入金可能、オンライン対応、個人事業主OK、全国対応、柔軟な審査","対応が迅速、審査が柔軟、全国対応","知名度がやや低い、手数料は個別査定","","建設業、運送業、製造業、IT・Web、サービス業"
"dmc-factoring","株式会社DMC","DMC","","https://dmc-factoring.jp/","2社間・3社間","3","15","300000","50000000","1","TRUE","FALSE","FALSE","","","","即日入金可能、オンライン対応、個人事業主OK、全国対応、柔軟な審査","対応が迅速、審査が柔軟、全国対応","知名度がやや低い、手数料は個別査定","","建設業、運送業、製造業、IT・Web、サービス業"
"dokenkun","株式会社ワイズコーポレーション","土建くん","","https://dokenkun.jp/","2社間・3社間","3","15","300000","50000000","1","TRUE","FALSE","FALSE","","","","建設業特化、即日入金、個人事業主OK、全国対応、工事代金対応","対応が迅速、審査が柔軟、全国対応","知名度がやや低い、手数料は個別査定","","建設業、運送業、製造業、IT・Web、サービス業"
"easy-factor","株式会社No.1","Easy factor","","https://easy-factor.jp/","2社間・3社間","2","8","300000","50000000","1","TRUE","FALSE","FALSE","","","","簡単手続き、即日入金、オンライン完結、個人事業主OK、全国対応","対応が迅速、審査が柔軟、全国対応","知名度がやや低い、手数料は個別査定","","建設業、運送業、製造業、IT・Web、サービス業"
"elnest","株式会社エルネスト","エルネスト","","https://elnest.co.jp/","2社間・3社間","3","15","300000","50000000","1","TRUE","FALSE","FALSE","","","","即日入金可能、オンライン対応、個人事業主OK、全国対応、柔軟な審査","対応が迅速、審査が柔軟、全国対応","知名度がやや低い、手数料は個別査定","","建設業、運送業、製造業、IT・Web、サービス業"
"factoring-tokyo","ファクタリング東京","","","https://factoring-tokyo.jp/","2社間・3社間","3","15","300000","50000000","1","TRUE","FALSE","FALSE","","","","東京拠点、首都圏に強い、即日入金、個人事業主OK、対面相談可","対応が迅速、審査が柔軟、全国対応","知名度がやや低い、手数料は個別査定","","建設業、運送業、製造業、IT・Web、サービス業"
"factoring-try","株式会社SKO","ファクタリングのTRY","","https://px.a8.net/svt/ejp?a8mat=4AX1ON+BGLF02+50EQ+609HT","2社間","3","20","100000","50000000","1","TRUE","FALSE","FALSE","","","","ノンリコース契約、24時間電話受付、税金滞納中でもOK、LINE申込対応、乗り換え手数料優遇","対応が迅速、審査が柔軟、全国対応","知名度がやや低い、手数料は個別査定","","建設業、運送業、製造業、IT・Web、サービス業"
"factoru","一般社団法人日本中小企業金融サポート機構","FACTOR⁺U","","https://chushokigyo-support.or.jp/factoru/","2社間","1.5","10","10000","50000000","1","TRUE","FALSE","FALSE","","","","AI審査、最短40分入金、手数料1.5%〜、非営利法人運営、必要書類2点のみ","対応が迅速、審査が柔軟、全国対応","知名度がやや低い、手数料は個別査定","","建設業、運送業、製造業、IT・Web、サービス業"
"fukuoka-bank-ep","マネーフォワードケッサイ株式会社","福岡銀行アーリーペイメント","","https://www.fukuokabank.co.jp/","3社間","1","5","300000","50000000","3","TRUE","FALSE","FALSE","","","","福岡銀行グループ、九州に強い、法人向け、大手金融機関、安心のサービス","対応が迅速、審査が柔軟、全国対応","知名度がやや低い、手数料は個別査定","","建設業、運送業、製造業、IT・Web、サービス業"
"global-service","株式会社グローバル・サービス","グローバルサービス","","https://global-service.co.jp/","2社間・3社間","3","15","300000","50000000","1","TRUE","FALSE","FALSE","","","","即日入金可能、オンライン対応、個人事業主OK、全国対応、柔軟な審査","対応が迅速、審査が柔軟、全国対応","知名度がやや低い、手数料は個別査定","","建設業、運送業、製造業、IT・Web、サービス業"
"gmmi","株式会社喜望大地","喜望大地","","https://gmmi.co.jp/","2社間・3社間","3","15","300000","50000000","1","TRUE","FALSE","FALSE","","","","即日入金可能、オンライン対応、個人事業主OK、全国対応、柔軟な審査","対応が迅速、審査が柔軟、全国対応","知名度がやや低い、手数料は個別査定","","建設業、運送業、製造業、IT・Web、サービス業"
"ja-mitsui-lease","JA三井リース株式会社","JA三井リース","","https://www.jamitsuilease.co.jp/","3社間","1","5","5000000","50000000","5","FALSE","FALSE","FALSE","","","","大手リース会社運営、売掛・手形両対応、農業分野にも強い、法人向け、全国対応","対応が迅速、審査が柔軟、全国対応","知名度がやや低い、手数料は個別査定","","建設業、運送業、製造業、IT・Web、サービス業"
"jigyou-agent","ANNEX株式会社","事業資金エージェント","","https://shikin-agent.com/","2社間・3社間","1.5","15","100000","200000000","1","TRUE","FALSE","FALSE","","","","最短2時間入金、500万円以下は来店不要、最大2億円対応、1.5%〜低手数料、リピート率90%以上","対応が迅速、審査が柔軟、全国対応","知名度がやや低い、手数料は個別査定","","建設業、運送業、製造業、IT・Web、サービス業"
"jps-factoring","株式会社JPS","JPS","","https://px.a8.net/svt/ejp?a8mat=4AX1ON+BKRG8I+5RPI+60H7L","2社間・3社間","2","10","500000","50000000","2","FALSE","FALSE","FALSE","","","","法人向け、2社間・3社間対応、全国対応、対面相談、経営相談対応","対応が迅速、審査が柔軟、全国対応","知名度がやや低い、手数料は個別査定","","建設業、運送業、製造業、IT・Web、サービス業"
"life-factoring","株式会社ライフ","ライフ","","https://life-factoring.jp/","2社間・3社間","3","15","300000","50000000","1","TRUE","FALSE","FALSE","","","","即日入金可能、オンライン対応、個人事業主OK、全国対応、柔軟な審査","対応が迅速、審査が柔軟、全国対応","知名度がやや低い、手数料は個別査定","","建設業、運送業、製造業、IT・Web、サービス業"
"line-profect","株式会社ラインプロフェクト","ラインプロフェクト","","https://line-profect.co.jp/","2社間・3社間","3","15","300000","50000000","1","TRUE","FALSE","FALSE","","","","即日入金可能、オンライン対応、個人事業主OK、全国対応、柔軟な審査","対応が迅速、審査が柔軟、全国対応","知名度がやや低い、手数料は個別査定","","建設業、運送業、製造業、IT・Web、サービス業"
"lucia","株式会社LUCIA","LUCIA","","https://lucia-factoring.jp/","2社間・3社間","3","15","300000","50000000","1","TRUE","FALSE","FALSE","","","","即日入金可能、オンライン対応、個人事業主OK、全国対応、柔軟な審査","対応が迅速、審査が柔軟、全国対応","知名度がやや低い、手数料は個別査定","","建設業、運送業、製造業、IT・Web、サービス業"
"luxel-partner","ラクセルパートナー株式会社","ラクセルパートナー","","https://luxel-partner.co.jp/","2社間・3社間","3","15","300000","50000000","1","TRUE","FALSE","FALSE","","","","即日入金可能、オンライン対応、個人事業主OK、全国対応、柔軟な審査","対応が迅速、審査が柔軟、全国対応","知名度がやや低い、手数料は個別査定","","建設業、運送業、製造業、IT・Web、サービス業"
"mainavy-factoring","株式会社マイナビブリッジ","マイナビブリッジ","","https://mainavy.jp/","2社間・3社間","3","15","300000","50000000","1","TRUE","FALSE","FALSE","","","","即日入金可能、オンライン対応、個人事業主OK、全国対応、柔軟な審査","対応が迅速、審査が柔軟、全国対応","知名度がやや低い、手数料は個別査定","","建設業、運送業、製造業、IT・Web、サービス業"
"medley-fs","株式会社メドレーフィナンシャルサービス","メドレーフィナンシャルサービス","","https://www.medley-fs.co.jp/","3社間","1","5","300000","50000000","3","TRUE","FALSE","FALSE","","","","医療業界特化、診療報酬対応、低手数料、法人向け、全国対応","対応が迅速、審査が柔軟、全国対応","知名度がやや低い、手数料は個別査定","","建設業、運送業、製造業、IT・Web、サービス業"
"next-funding","株式会社フィンカ","NEXTFUNDING","","https://next-funding.jp/","2社間・3社間","3","15","300000","50000000","1","TRUE","FALSE","FALSE","","","","即日入金、オンライン対応、個人事業主OK、全国対応、柔軟な審査","対応が迅速、審査が柔軟、全国対応","知名度がやや低い、手数料は個別査定","","建設業、運送業、製造業、IT・Web、サービス業"
"norikae-plus","GoodPlus株式会社","のりかえPLUS","","https://norikae-plus.jp/","2社間","5","15","300000","50000000","1","TRUE","FALSE","FALSE","","","","乗り換え専門、手数料引き下げ保証、オンライン完結、即日入金、秘密厳守","対応が迅速、審査が柔軟、全国対応","知名度がやや低い、手数料は個別査定","","建設業、運送業、製造業、IT・Web、サービス業"
"onfact","株式会社onfact","onfact","","https://onfact.jp/","2社間・3社間","2","20","300000","50000000","1","TRUE","FALSE","FALSE","","","","オンライン完結、即日入金、個人事業主OK、全国対応、手軽な手続き","対応が迅速、審査が柔軟、全国対応","知名度がやや低い、手数料は個別査定","","建設業、運送業、製造業、IT・Web、サービス業"
"plus-line","株式会社プラスライン","プラスライン","","https://plus-line.co.jp/","2社間・3社間","3","15","300000","50000000","1","TRUE","FALSE","FALSE","","","","即日入金可能、オンライン対応、個人事業主OK、全国対応、柔軟な審査","対応が迅速、審査が柔軟、全国対応","知名度がやや低い、手数料は個別査定","","建設業、運送業、製造業、IT・Web、サービス業"
"progress-factoring","株式会社Progress","Progress","","https://progress-factoring.jp/","2社間・3社間","3","15","300000","50000000","1","TRUE","FALSE","FALSE","","","","即日入金可能、オンライン対応、個人事業主OK、全国対応、柔軟な審査","対応が迅速、審査が柔軟、全国対応","知名度がやや低い、手数料は個別査定","","建設業、運送業、製造業、IT・Web、サービス業"
"protect-one","株式会社PROTECT.ONE","プロテクト・ワン","","https://protect-one.co.jp/","2社間・3社間","3","15","300000","50000000","1","TRUE","FALSE","FALSE","","","","即日入金可能、オンライン対応、個人事業主OK、全国対応、柔軟な審査","対応が迅速、審査が柔軟、全国対応","知名度がやや低い、手数料は個別査定","","建設業、運送業、製造業、IT・Web、サービス業"
"s-radikal","株式会社S-radikal","S-radikal","","https://s-radikal.co.jp/","2社間・3社間","3","15","300000","50000000","1","TRUE","FALSE","FALSE","","","","即日入金可能、オンライン対応、個人事業主OK、全国対応、柔軟な審査","対応が迅速、審査が柔軟、全国対応","知名度がやや低い、手数料は個別査定","","建設業、運送業、製造業、IT・Web、サービス業"
"sanko-factoring","三鉱","","","https://sanko-factoring.jp/","2社間・3社間","3","15","300000","50000000","1","TRUE","FALSE","FALSE","","","","即日入金可能、オンライン対応、個人事業主OK、全国対応、柔軟な審査","対応が迅速、審査が柔軟、全国対応","知名度がやや低い、手数料は個別査定","","建設業、運送業、製造業、IT・Web、サービス業"
"sbi-factoring","SBIビジネス・ソリューションズ株式会社","入金QUICK","","https://www.sbi-efinance.co.jp/","2社間","0.5","3.8","100000","50000000","2","TRUE","FALSE","FALSE","","","","手数料0.5%〜、SBIグループ運営、オンライン完結、法人向け、請求QUICKと連携","対応が迅速、審査が柔軟、全国対応","知名度がやや低い、手数料は個別査定","","建設業、運送業、製造業、IT・Web、サービス業"
"seikyusho-pay","請求書買取Pay","","","https://seikyusho-pay.jp/","2社間・3社間","3","15","300000","50000000","1","TRUE","FALSE","FALSE","","","","請求書買取、即日入金、個人事業主OK、フリーランス対応、全国対応","対応が迅速、審査が柔軟、全国対応","知名度がやや低い、手数料は個別査定","","建設業、運送業、製造業、IT・Web、サービス業"
"sokuji-online","即日オンラインファクタリング","","","https://sokuji-online.jp/","2社間・3社間","3","18","300000","50000000","1","TRUE","FALSE","FALSE","","","","即日入金、オンライン完結、スピード審査、個人事業主OK、全国対応","対応が迅速、審査が柔軟、全国対応","知名度がやや低い、手数料は個別査定","","建設業、運送業、製造業、IT・Web、サービス業"
"sokumu","SoKuMo（ソクモ）","","","https://sokumu.jp/","2社間","1","15","100000","50000000","1","TRUE","FALSE","FALSE","","","","手数料1%〜、即日見積もり、オンライン完結、シンプル手続き、全国対応","対応が迅速、審査が柔軟、全国対応","知名度がやや低い、手数料は個別査定","","建設業、運送業、製造業、IT・Web、サービス業"
"soreiyu","株式会社ソレイユ","ソレイユ","","https://solejapan.com/","2社間・3社間","1","15","100000","50000000","1","TRUE","FALSE","FALSE","","","","最短30分審査、手数料1%〜、審査通過率90%、オンライン完結、個人事業主OK","対応が迅速、審査が柔軟、全国対応","知名度がやや低い、手数料は個別査定","","建設業、運送業、製造業、IT・Web、サービス業"
"supporter-bank","株式会社インターフィールド","サポートバンク","","https://supporter-bank.jp/","2社間・3社間","3","15","300000","50000000","1","TRUE","FALSE","FALSE","","","","即日入金可能、オンライン対応、個人事業主OK、全国対応、柔軟な審査","対応が迅速、審査が柔軟、全国対応","知名度がやや低い、手数料は個別査定","","建設業、運送業、製造業、IT・Web、サービス業"
"terasu","Terasu株式会社","Terasu","","https://terasu-factoring.jp/","2社間・3社間","3","15","300000","50000000","1","TRUE","FALSE","FALSE","","","","即日入金可能、オンライン対応、個人事業主OK、全国対応、柔軟な審査","対応が迅速、審査が柔軟、全国対応","知名度がやや低い、手数料は個別査定","","建設業、運送業、製造業、IT・Web、サービス業"
"tokyo-spc","東京SPCマネジメント株式会社","東京SPCマネジメント","","https://tokyo-spc.com/","2社間・3社間","3","15","1000000","50000000","3","FALSE","FALSE","FALSE","","","","証券化の専門家、診療報酬対応、介護報酬対応、自社出資100%、法人向け","対応が迅速、審査が柔軟、全国対応","知名度がやや低い、手数料は個別査定","","建設業、運送業、製造業、IT・Web、サービス業"
"urikakedo","株式会社hs1","うりかけ堂","","https://px.a8.net/svt/ejp?a8mat=4AX1OL+BOXHGY+4S8A+5YJRM","2社間・3社間","2","12","300000","50000000","1","TRUE","FALSE","FALSE","","","","最短2時間入金、低手数料、全国対応、3社間対応、個人事業主OK","対応が迅速、審査が柔軟、全国対応","知名度がやや低い、手数料は個別査定","","建設業、運送業、製造業、IT・Web、サービス業"
"wadatumi","ワダツミ株式会社","ワダツミ","","https://wadatumi.co.jp/","2社間・3社間","3","15","300000","50000000","1","TRUE","FALSE","FALSE","","","","即日入金可能、オンライン対応、個人事業主OK、全国対応、柔軟な審査","対応が迅速、審査が柔軟、全国対応","知名度がやや低い、手数料は個別査定","","建設業、運送業、製造業、IT・Web、サービス業"
"west-factoring","WEST","","","https://west-factoring.jp/","2社間・3社間","3","15","300000","50000000","1","TRUE","FALSE","FALSE","","","","西日本中心、即日入金、個人事業主OK、全国対応、対面相談可","対応が迅速、審査が柔軟、全国対応","知名度がやや低い、手数料は個別査定","","建設業、運送業、製造業、IT・Web、サービス業"
"yamato-credit","ヤマトクレジットファイナンス株式会社","ヤマトクレジットファイナンス","","https://www.yamatocf.com/","3社間","1","5","300000","50000000","3","TRUE","FALSE","FALSE","","","","ヤマトグループ、大手運営、法人向け、安心のサービス、全国対応","対応が迅速、審査が柔軟、全国対応","知名度がやや低い、手数料は個別査定","","建設業、運送業、製造業、IT・Web、サービス業"
"ys-corporation","株式会社ワイズコーポレーション","Y's Corporation","","https://ys-corporation.co.jp/","2社間・3社間","3","15","300000","50000000","1","TRUE","FALSE","FALSE","","","","即日入金可能、オンライン対応、個人事業主OK、全国対応、柔軟な審査","対応が迅速、審査が柔軟、全国対応","知名度がやや低い、手数料は個別査定","","建設業、運送業、製造業、IT・Web、サービス業"
"zist","株式会社ZIST","ZIST","","https://zist.co.jp/","2社間・3社間","3","15","300000","50000000","1","TRUE","FALSE","FALSE","","","","即日入金可能、オンライン対応、個人事業主OK、全国対応、柔軟な審査","対応が迅速、審査が柔軟、全国対応","知名度がやや低い、手数料は個別査定","","建設業、運送業、製造業、IT・Web、サービス業"
"active-support","株式会社アクティブサポート","アクティブサポート","","https://px.a8.net/svt/ejp?a8mat=4AX5KD+9R9ROY+4JGG+60OXD","2社間・3社間","2","14.8","300000","50000000","1","TRUE","FALSE","FALSE","","","","即日入金可能、オンライン対応、個人事業主OK、全国対応、柔軟な審査","対応が迅速、審査が柔軟、全国対応","知名度がやや低い、手数料は個別査定","","建設業、運送業、製造業、IT・Web、サービス業"
"animo","ANIMO","","","https://animo-factoring.jp/","2社間・3社間","3","15","300000","50000000","1","TRUE","FALSE","FALSE","","","","即日入金可能、オンライン対応、個人事業主OK、全国対応、柔軟な審査","対応が迅速、審査が柔軟、全国対応","知名度がやや低い、手数料は個別査定","","建設業、運送業、製造業、IT・Web、サービス業"
"archier","アルシエ","","","https://archier.co.jp/","2社間・3社間","3","15","300000","50000000","1","TRUE","FALSE","FALSE","","","","即日入金可能、オンライン対応、個人事業主OK、全国対応、柔軟な審査","対応が迅速、審査が柔軟、全国対応","知名度がやや低い、手数料は個別査定","","建設業、運送業、製造業、IT・Web、サービス業"
"aslead","アスリード","","","https://aslead.co.jp/","2社間・3社間","3","15","300000","50000000","1","TRUE","FALSE","FALSE","","","","即日入金可能、オンライン対応、個人事業主OK、全国対応、柔軟な審査","対応が迅速、審査が柔軟、全国対応","知名度がやや低い、手数料は個別査定","","建設業、運送業、製造業、IT・Web、サービス業"
"atest-capital","株式会社エーテスキャピタル","エーテスキャピタル","","https://a-tc.jp/","2社間・3社間","3","15","300000","50000000","1","TRUE","FALSE","FALSE","","","","即日入金可能、オンライン対応、個人事業主OK、全国対応、柔軟な審査","対応が迅速、審査が柔軟、全国対応","知名度がやや低い、手数料は個別査定","","建設業、運送業、製造業、IT・Web、サービス業"
"axia-plus","株式会社アクシアプラス","アクシアプラス","","https://px.a8.net/svt/ejp?a8mat=4AX5KD+9VFSXE+4HV8+BXQOH","2社間・3社間","4","9","300000","50000000","1","TRUE","FALSE","FALSE","","","","即日入金可能、オンライン対応、個人事業主OK、全国対応、柔軟な審査","対応が迅速、審査が柔軟、全国対応","知名度がやや低い、手数料は個別査定","","建設業、運送業、製造業、IT・Web、サービス業"
"belle-system","株式会社ベルシステム","ベルシステム","","https://belle-system.co.jp/","2社間・3社間","3","15","300000","50000000","1","TRUE","FALSE","FALSE","","","","即日入金可能、オンライン対応、個人事業主OK、全国対応、柔軟な審査","対応が迅速、審査が柔軟、全国対応","知名度がやや低い、手数料は個別査定","","建設業、運送業、製造業、IT・Web、サービス業"
"besus","besus株式会社","besus","","https://besus.jp/","2社間・3社間","2","15","300000","50000000","1","TRUE","FALSE","FALSE","","","","即日入金可能、オンライン対応、個人事業主OK、全国対応、柔軟な審査","対応が迅速、審査が柔軟、全国対応","知名度がやや低い、手数料は個別査定","","建設業、運送業、製造業、IT・Web、サービス業"
"biz-partner","BIZパートナー株式会社","BIZパートナー","","https://biz-partner.jp/","2社間・3社間","3","15","300000","50000000","1","TRUE","FALSE","FALSE","","","","即日入金可能、オンライン対応、個人事業主OK、全国対応、柔軟な審査","対応が迅速、審査が柔軟、全国対応","知名度がやや低い、手数料は個別査定","","建設業、運送業、製造業、IT・Web、サービス業"
"business-assist","株式会社ビジネスアシスト","ビジネスアシスト","","https://business-assist.co.jp/","2社間・3社間","3","15","300000","50000000","1","TRUE","FALSE","FALSE","","","","即日入金可能、オンライン対応、個人事業主OK、全国対応、柔軟な審査","対応が迅速、審査が柔軟、全国対応","知名度がやや低い、手数料は個別査定","","建設業、運送業、製造業、IT・Web、サービス業"
"business-fund","株式会社ビジネスファンド","ビジネスファンド","","https://business-fund.co.jp/","2社間・3社間","3","15","300000","50000000","1","TRUE","FALSE","FALSE","","","","即日入金可能、オンライン対応、個人事業主OK、全国対応、柔軟な審査","対応が迅速、審査が柔軟、全国対応","知名度がやや低い、手数料は個別査定","","建設業、運送業、製造業、IT・Web、サービス業"
"cb-factor","合同会社シー・ビー・ファクター","シー・ビー・ファクター","","https://cb-factor.com/","2社間・3社間","3","15","300000","50000000","1","TRUE","FALSE","FALSE","","","","即日入金可能、オンライン対応、個人事業主OK、全国対応、柔軟な審査","対応が迅速、審査が柔軟、全国対応","知名度がやや低い、手数料は個別査定","","建設業、運送業、製造業、IT・Web、サービス業"
"cool-services","株式会社COOL SERVICES","COOL SERVICES","","https://cool-services.co.jp/","2社間・3社間","2","12","300000","50000000","1","TRUE","FALSE","FALSE","","","","即日入金可能、オンライン対応、個人事業主OK、全国対応、柔軟な審査","対応が迅速、審査が柔軟、全国対応","知名度がやや低い、手数料は個別査定","","建設業、運送業、製造業、IT・Web、サービス業"
"crayfish","クレイリッシュ","","","https://crayfish.co.jp/","2社間・3社間","3","15","300000","50000000","1","TRUE","FALSE","FALSE","","","","手形割引対応、ファクタリング、即日入金、全国対応、柔軟な審査","対応が迅速、審査が柔軟、全国対応","知名度がやや低い、手数料は個別査定","","建設業、運送業、製造業、IT・Web、サービス業"
"cs-planning","株式会社シーエスプランニング","シーエスプランニング","","https://cs-planning.co.jp/","2社間・3社間","3","15","300000","50000000","1","TRUE","FALSE","FALSE","","","","即日入金可能、オンライン対応、個人事業主OK、全国対応、柔軟な審査","対応が迅速、審査が柔軟、全国対応","知名度がやや低い、手数料は個別査定","","建設業、運送業、製造業、IT・Web、サービス業"
"cuc-factoring","株式会社CUC","CUC","","https://cuc-factoring.jp/","2社間・3社間","3","15","300000","50000000","1","TRUE","FALSE","FALSE","","","","即日入金可能、オンライン対応、個人事業主OK、全国対応、柔軟な審査","対応が迅速、審査が柔軟、全国対応","知名度がやや低い、手数料は個別査定","","建設業、運送業、製造業、IT・Web、サービス業"
"denfac","株式会社トップ・マネジメント","電ふぁく","","https://denfac.jp/","2社間・3社間","1.8","8","300000","50000000","1","TRUE","FALSE","FALSE","","","","電子対応、オンライン完結、即日入金、個人事業主OK、全国対応","対応が迅速、審査が柔軟、全国対応","知名度がやや低い、手数料は個別査定","","建設業、運送業、製造業、IT・Web、サービス業"
"efc-express","株式会社一福","資金調達特急便EFC","","https://efc-express.jp/","2社間・3社間","3","18","300000","50000000","1","TRUE","FALSE","FALSE","","","","即日入金、スピード重視、個人事業主OK、全国対応、オンライン対応","対応が迅速、審査が柔軟、全国対応","知名度がやや低い、手数料は個別査定","","建設業、運送業、製造業、IT・Web、サービス業"
"enable-factoring","エネイブル","","","https://enable-factoring.jp/","2社間・3社間","3","15","300000","50000000","1","TRUE","FALSE","FALSE","","","","即日入金可能、オンライン対応、個人事業主OK、全国対応、柔軟な審査","対応が迅速、審査が柔軟、全国対応","知名度がやや低い、手数料は個別査定","","建設業、運送業、製造業、IT・Web、サービス業"
"f-style","株式会社F-style","F-style","","https://f-style-factoring.jp/","2社間・3社間","3","15","300000","50000000","1","TRUE","FALSE","FALSE","","","","即日入金可能、オンライン対応、個人事業主OK、全国対応、柔軟な審査","対応が迅速、審査が柔軟、全国対応","知名度がやや低い、手数料は個別査定","","建設業、運送業、製造業、IT・Web、サービス業"
"facnet","株式会社アンカーガーディアン","ファクネット","","https://facnet.co.jp/","2社間・3社間","2","12","300000","50000000","1","TRUE","FALSE","FALSE","","","","即日入金可能、オンライン対応、個人事業主OK、全国対応、柔軟な審査","対応が迅速、審査が柔軟、全国対応","知名度がやや低い、手数料は個別査定","","建設業、運送業、製造業、IT・Web、サービス業"
"factor-associates","株式会社ファクターアソシエイツ","ファクターアソシエイツ","","https://factor-associates.co.jp/","2社間・3社間","3","15","300000","50000000","1","TRUE","FALSE","FALSE","","","","即日入金可能、オンライン対応、個人事業主OK、全国対応、柔軟な審査","対応が迅速、審査が柔軟、全国対応","知名度がやや低い、手数料は個別査定","","建設業、運送業、製造業、IT・Web、サービス業"
"factoring-gold","中洲貴金属株式会社","ファクタリングゴールド","","https://factoring-gold.com/","2社間・3社間","3","15","300000","50000000","1","TRUE","FALSE","FALSE","","","","即日入金可能、オンライン対応、個人事業主OK、全国対応、柔軟な審査","対応が迅速、審査が柔軟、全国対応","知名度がやや低い、手数料は個別査定","","建設業、運送業、製造業、IT・Web、サービス業"
"factoring-north","ファクタリングノース","","","https://factoring-north.jp/","2社間・3社間","3","15","300000","50000000","1","TRUE","FALSE","FALSE","","","","北海道拠点、地域密着、即日入金、個人事業主OK、対面相談可","対応が迅速、審査が柔軟、全国対応","知名度がやや低い、手数料は個別査定","","建設業、運送業、製造業、IT・Web、サービス業"
"factoring-pro","株式会社MEDS JAPAN","ファクタリングプロ","","https://factoring-pro.jp/","2社間・3社間","2","15","300000","50000000","1","TRUE","FALSE","FALSE","","","","即日入金可能、オンライン対応、個人事業主OK、全国対応、柔軟な審査","対応が迅速、審査が柔軟、全国対応","知名度がやや低い、手数料は個別査定","","建設業、運送業、製造業、IT・Web、サービス業"
"factors","株式会社ワイズコーポレーション","ファクターズ","","https://factors.co.jp/","2社間・3社間","3","15","300000","50000000","1","TRUE","FALSE","FALSE","","","","即日入金可能、オンライン対応、個人事業主OK、全国対応、柔軟な審査","対応が迅速、審査が柔軟、全国対応","知名度がやや低い、手数料は個別査定","","建設業、運送業、製造業、IT・Web、サービス業"
"faith-factoring","株式会社フェイス","faith","","https://faith-factoring.jp/","2社間・3社間","3","15","300000","50000000","1","TRUE","FALSE","FALSE","","","","即日入金可能、オンライン対応、個人事業主OK、全国対応、柔軟な審査","対応が迅速、審査が柔軟、全国対応","知名度がやや低い、手数料は個別査定","","建設業、運送業、製造業、IT・Web、サービス業"
"fakutarikun","ふぁくたりくん","","","https://fakutarikun.jp/","2社間・3社間","3","18","300000","50000000","1","TRUE","FALSE","FALSE","","","","手軽に利用、個人事業主OK、即日入金、全国対応、オンライン対応","対応が迅速、審査が柔軟、全国対応","知名度がやや低い、手数料は個別査定","","建設業、運送業、製造業、IT・Web、サービス業"
"finding-labo","アクスモーション株式会社","ファインディングラボ","","https://finding-labo.jp/","2社間・3社間","2","15","300000","50000000","1","TRUE","FALSE","FALSE","","","","比較サービス、無料相談、複数社提案、全国対応、個人事業主OK","対応が迅速、審査が柔軟、全国対応","知名度がやや低い、手数料は個別査定","","建設業、運送業、製造業、IT・Web、サービス業"
"finfin","会計バンク株式会社","FinFin","","https://finfin-factoring.jp/","2社間・3社間","3","15","300000","50000000","1","TRUE","FALSE","FALSE","","","","個人事業主OK、即日入金、オンライン対応、全国対応、柔軟な審査","対応が迅速、審査が柔軟、全国対応","知名度がやや低い、手数料は個別査定","","建設業、運送業、製造業、IT・Web、サービス業"
"fk-management","株式会社FK商事","FKマネージメント","","https://fk-management.jp/","2社間・3社間","3","15","300000","50000000","1","TRUE","FALSE","FALSE","","","","即日入金可能、オンライン対応、個人事業主OK、全国対応、柔軟な審査","対応が迅速、審査が柔軟、全国対応","知名度がやや低い、手数料は個別査定","","建設業、運送業、製造業、IT・Web、サービス業"
"fps-medical","アクリーティブ株式会社","FPSメディカル","","https://fps-medical.co.jp/","3社間","0.25","5","300000","50000000","14","TRUE","FALSE","FALSE","","","","医療業界特化、診療報酬対応、介護報酬対応、低手数料、全国対応","対応が迅速、審査が柔軟、全国対応","知名度がやや低い、手数料は個別査定","","建設業、運送業、製造業、IT・Web、サービス業"
"hamagin-finance","浜銀ファイナンス株式会社","浜銀ファイナンス","","https://www.hamagin-finance.co.jp/","3社間","1","5","5000000","50000000","5","FALSE","FALSE","FALSE","","","","横浜銀行グループ、地域密着、法人向け、神奈川・東京に強い、安定した資金力","対応が迅速、審査が柔軟、全国対応","知名度がやや低い、手数料は個別査定","","建設業、運送業、製造業、IT・Web、サービス業"
"heartful-life","ハートフルライフ","","","https://heartful-life.co.jp/","2社間・3社間","3","15","300000","50000000","1","TRUE","FALSE","FALSE","","","","親身な対応、即日入金、個人事業主OK、全国対応、柔軟な審査","対応が迅速、審査が柔軟、全国対応","知名度がやや低い、手数料は個別査定","","建設業、運送業、製造業、IT・Web、サービス業"
"j-cloud","株式会社ジェイクラウド","ジェイクラウド","","https://j-cloud.co.jp/","2社間・3社間","2","12","300000","50000000","1","TRUE","FALSE","FALSE","","","","オンライン完結、クラウド型、即日入金、個人事業主OK、少額対応","対応が迅速、審査が柔軟、全国対応","知名度がやや低い、手数料は個別査定","","建設業、運送業、製造業、IT・Web、サービス業"
"jfs","ジャパン・ファイナンシャル・ソリューションズ","","","https://www.j-fs.co.jp/","2社間・3社間","3","15","300000","100000000","1","TRUE","FALSE","FALSE","","","","柔軟な審査、即日入金可能、全国対応、法人向け、丁寧なサポート","対応が迅速、審査が柔軟、全国対応","知名度がやや低い、手数料は個別査定","","建設業、運送業、製造業、IT・Web、サービス業"
"kensetsu-keiei","建設経営サービス","","","https://kensetsu-keiei.com/","2社間・3社間","3","15","300000","50000000","1","TRUE","FALSE","FALSE","","","","建設業特化、即日入金可能、全国対応、個人事業主OK、建設業界に詳しい","対応が迅速、審査が柔軟、全国対応","知名度がやや低い、手数料は個別査定","","建設業、運送業、製造業、IT・Web、サービス業"
"kensetsu-pay","株式会社DMC","建設Pay","","https://kensetsu-pay.jp/","2社間・3社間","3","15","300000","50000000","1","TRUE","FALSE","FALSE","","","","建設業特化、即日入金、個人事業主OK、全国対応、工事代金対応","対応が迅速、審査が柔軟、全国対応","知名度がやや低い、手数料は個別査定","","建設業、運送業、製造業、IT・Web、サービス業"
"kis-management","株式会社KISマネジメント","KISマネジメント","","https://kis-management.co.jp/","2社間・3社間","3","15","300000","50000000","1","TRUE","FALSE","FALSE","","","","即日入金可能、オンライン対応、個人事業主OK、全国対応、柔軟な審査","対応が迅速、審査が柔軟、全国対応","知名度がやや低い、手数料は個別査定","","建設業、運送業、製造業、IT・Web、サービス業"
"kkt","KKT株式会社","KKT","","https://kkt-factoring.jp/","2社間・3社間","0.5","15","300000","100000000","1","TRUE","FALSE","FALSE","","","","手数料0.5%〜、累計100億円超、リピート率89.6%、顧客満足度92.3%、法人向け","対応が迅速、審査が柔軟、全国対応","知名度がやや低い、手数料は個別査定","","建設業、運送業、製造業、IT・Web、サービス業"
"lagless","インベストデザイン株式会社","ラグレス","","https://lagless.co.jp/","2社間・3社間","3","15","300000","50000000","1","TRUE","FALSE","FALSE","","","","即日入金、スピード重視、個人事業主OK、全国対応、オンライン対応","対応が迅速、審査が柔軟、全国対応","知名度がやや低い、手数料は個別査定","","建設業、運送業、製造業、IT・Web、サービス業"
"link-japan","リンクジャパン株式会社","リンクジャパン","","https://link-japan.co.jp/","2社間・3社間","3","15","300000","50000000","1","TRUE","FALSE","FALSE","","","","即日入金可能、オンライン対応、個人事業主OK、全国対応、柔軟な審査","対応が迅速、審査が柔軟、全国対応","知名度がやや低い、手数料は個別査定","","建設業、運送業、製造業、IT・Web、サービス業"
"mb-pay","株式会社マイナビブリッジ","MBpay","","https://mb-pay.jp/","2社間・3社間","3","15","300000","50000000","1","TRUE","FALSE","FALSE","","","","即日入金可能、オンライン対応、個人事業主OK、全国対応、柔軟な審査","対応が迅速、審査が柔軟、全国対応","知名度がやや低い、手数料は個別査定","","建設業、運送業、製造業、IT・Web、サービス業"
"minaoshi-honpo","KKT株式会社","ファクタリング見直し本舗","","https://minaoshi-honpo.jp/","2社間・3社間","2","12","300000","50000000","1","TRUE","FALSE","FALSE","","","","乗り換え特化、手数料改善、無料相談、全国対応、個人事業主OK","対応が迅速、審査が柔軟、全国対応","知名度がやや低い、手数料は個別査定","","建設業、運送業、製造業、IT・Web、サービス業"
"mita-securities","三田証券株式会社","三田証券","","https://www.mita-sec.co.jp/","2社間・3社間","2","10","300000","50000000","1","TRUE","FALSE","FALSE","","","","証券会社運営、ファクタリング、法人向け、金融のプロ、全国対応","対応が迅速、審査が柔軟、全国対応","知名度がやや低い、手数料は個別査定","","建設業、運送業、製造業、IT・Web、サービス業"
"mk-trust","株式会社MKトラスト・マネジメント","mkトラストマネジメント","","https://mk-trust.co.jp/","2社間・3社間","3","15","300000","50000000","1","TRUE","FALSE","FALSE","","","","即日入金可能、オンライン対応、個人事業主OK、全国対応、柔軟な審査","対応が迅速、審査が柔軟、全国対応","知名度がやや低い、手数料は個別査定","","建設業、運送業、製造業、IT・Web、サービス業"
"nihon-planner","日本プランナー株式会社","日本プランナー","","https://nihon-planner.co.jp/","2社間・3社間","3","15","300000","50000000","1","TRUE","FALSE","FALSE","","","","即日入金可能、オンライン対応、個人事業主OK、全国対応、柔軟な審査","対応が迅速、審査が柔軟、全国対応","知名度がやや低い、手数料は個別査定","","建設業、運送業、製造業、IT・Web、サービス業"
"nikkei-financial","株式会社日経フィナンシャルトライ","日経フィナンシャルトライ東京","","https://nikkei-financial.co.jp/","2社間・3社間","3","15","300000","50000000","1","TRUE","FALSE","FALSE","","","","東京拠点、ファイナンス、法人向け、全国対応、即日対応","対応が迅速、審査が柔軟、全国対応","知名度がやや低い、手数料は個別査定","","建設業、運送業、製造業、IT・Web、サービス業"
"ns-partners","エヌエスパートナーズ株式会社","エヌエスパートナーズ","","https://ns-partners.co.jp/","2社間・3社間","3","15","300000","50000000","1","TRUE","FALSE","FALSE","","","","即日入金可能、オンライン対応、個人事業主OK、全国対応、柔軟な審査","対応が迅速、審査が柔軟、全国対応","知名度がやや低い、手数料は個別査定","","建設業、運送業、製造業、IT・Web、サービス業"
"oj-factoring","株式会社オージェイ","オージェイ","","https://oj-factoring.jp/","2社間・3社間","3","15","300000","50000000","1","TRUE","FALSE","FALSE","","","","大阪拠点、関西に強い、即日入金、個人事業主OK、対面相談可","対応が迅速、審査が柔軟、全国対応","知名度がやや低い、手数料は個別査定","","建設業、運送業、製造業、IT・Web、サービス業"
"owl-keizai","株式会社アウル経済","アウル経済","","https://owl-keizai.co.jp/","2社間・3社間","3","15","300000","50000000","1","TRUE","FALSE","FALSE","","","","即日入金可能、オンライン対応、個人事業主OK、全国対応、柔軟な審査","対応が迅速、審査が柔軟、全国対応","知名度がやや低い、手数料は個別査定","","建設業、運送業、製造業、IT・Web、サービス業"
"paypal-biz-loan","PayPay銀行ビジネスローン","","","https://www.paypay-bank.co.jp/business/","2社間","1.8","13.8","300000","50000000","3","TRUE","FALSE","FALSE","","","","PayPay銀行運営、最短翌営業日融資、来店不要、法人・個人事業主OK、ビジネスローン","対応が迅速、審査が柔軟、全国対応","知名度がやや低い、手数料は個別査定","","建設業、運送業、製造業、IT・Web、サービス業"
"quick-factor","株式会社ユニバーサル・デベロップメント","クイックファクター","","https://quickfactor.jp/","2社間・3社間","3","15","300000","50000000","1","TRUE","FALSE","FALSE","","","","即日入金、スピード審査、個人事業主OK、全国対応、オンライン対応","対応が迅速、審査が柔軟、全国対応","知名度がやや低い、手数料は個別査定","","建設業、運送業、製造業、IT・Web、サービス業"
"regu-pay","株式会社レグペイ","レグペイ","","https://regu-pay.jp/","2社間・3社間","3","15","300000","50000000","1","TRUE","FALSE","FALSE","","","","即日入金可能、オンライン対応、個人事業主OK、全国対応、柔軟な審査","対応が迅速、審査が柔軟、全国対応","知名度がやや低い、手数料は個別査定","","建設業、運送業、製造業、IT・Web、サービス業"
"replan","株式会社リプラン","リプラン","","https://replan-factoring.jp/","2社間・3社間","2","12","300000","50000000","1","TRUE","FALSE","FALSE","","","","乗り換え対応、手数料改善、無料相談、個人事業主OK、全国対応","対応が迅速、審査が柔軟、全国対応","知名度がやや低い、手数料は個別査定","","建設業、運送業、製造業、IT・Web、サービス業"
"resona-ks","りそな決済サービス株式会社","りそな決済サービス","","https://www.resona-ks.co.jp/","3社間","1","5","5000000","50000000","3","FALSE","FALSE","FALSE","","","","りそなグループ、大手金融機関、法人向け、大口対応、全国対応","対応が迅速、審査が柔軟、全国対応","知名度がやや低い、手数料は個別査定","","建設業、運送業、製造業、IT・Web、サービス業"
"rico-lease","リコーリース株式会社","リコーリース","","https://www.r-lease.co.jp/","3社間","1","5","5000000","50000000","5","FALSE","FALSE","FALSE","","","","リコーグループ、東証プライム上場、法人向け、大口対応、全国対応","対応が迅速、審査が柔軟、全国対応","知名度がやや低い、手数料は個別査定","","建設業、運送業、製造業、IT・Web、サービス業"
"rise-factoring","株式会社Rise","Rise","","https://risefactoring.jp/","2社間・3社間","3","15","300000","50000000","1","TRUE","FALSE","FALSE","","","","即日入金可能、オンライン対応、個人事業主OK、全国対応、柔軟な審査","対応が迅速、審査が柔軟、全国対応","知名度がやや低い、手数料は個別査定","","建設業、運送業、製造業、IT・Web、サービス業"
"rising-investment","株式会社ライジング・インベストメントマネジメント","ライジングインベストメント","","https://rising-investment.jp/","2社間・3社間","3","15","300000","50000000","1","TRUE","FALSE","FALSE","","","","即日入金可能、オンライン対応、個人事業主OK、全国対応、柔軟な審査","対応が迅速、審査が柔軟、全国対応","知名度がやや低い、手数料は個別査定","","建設業、運送業、製造業、IT・Web、サービス業"
"saison-medical","株式会社クレディセゾン","セゾン診療報酬ファクタリング","","https://www.saisoncard.co.jp/business/factoring/","3社間","0.5","3","300000","50000000","5","TRUE","FALSE","FALSE","","","","セゾングループ、医療機関向け、診療報酬対応、介護報酬対応、調剤報酬対応","対応が迅速、審査が柔軟、全国対応","知名度がやや低い、手数料は個別査定","","建設業、運送業、製造業、IT・Web、サービス業"
"sanctuary","サンクチュアリ","","","https://sanctuary-factoring.jp/","2社間・3社間","3","15","300000","50000000","1","TRUE","FALSE","FALSE","","","","即日入金可能、オンライン対応、個人事業主OK、全国対応、柔軟な審査","対応が迅速、審査が柔軟、全国対応","知名度がやや低い、手数料は個別査定","","建設業、運送業、製造業、IT・Web、サービス業"
"sc-medical","株式会社SCメディカル","SCメディカル","","https://sc-medical.co.jp/","3社間","1","5","300000","50000000","3","TRUE","FALSE","FALSE","","","","医療業界特化、診療報酬対応、法人向け、全国対応、専門スタッフ","対応が迅速、審査が柔軟、全国対応","知名度がやや低い、手数料は個別査定","","建設業、運送業、製造業、IT・Web、サービス業"
"seino-financial","セイノーフィナンシャル株式会社","セイノーフィナンシャル","","https://www.seino-financial.co.jp/","3社間","1","5","300000","50000000","3","TRUE","FALSE","FALSE","","","","セイノーグループ、物流業界に強い、法人向け、大手運営、全国対応","対応が迅速、審査が柔軟、全国対応","知名度がやや低い、手数料は個別査定","","建設業、運送業、製造業、IT・Web、サービス業"
"shikin-honpo","資金調達本舗","","","https://shikin-honpo.jp/","2社間・3社間","3","15","300000","50000000","1","TRUE","FALSE","FALSE","","","","即日入金可能、オンライン対応、個人事業主OK、全国対応、柔軟な審査","対応が迅速、審査が柔軟、全国対応","知名度がやや低い、手数料は個別査定","","建設業、運送業、製造業、IT・Web、サービス業"
"shikinchotatsu-direct","資金調達ダイレクト","","","https://shikinchotatsu-direct.jp/","2社間・3社間","2","12","300000","50000000","1","TRUE","FALSE","FALSE","","","","直接取引、中間マージンなし、即日入金、個人事業主OK、全国対応","対応が迅速、審査が柔軟、全国対応","知名度がやや低い、手数料は個別査定","","建設業、運送業、製造業、IT・Web、サービス業"
"shinki-corp","株式会社シンキコーポレーション","シンキコーポレーション","","https://shinki-corp.jp/","2社間・3社間","3","15","300000","50000000","1","TRUE","FALSE","FALSE","","","","即日入金可能、オンライン対応、個人事業主OK、全国対応、柔軟な審査","対応が迅速、審査が柔軟、全国対応","知名度がやや低い、手数料は個別査定","","建設業、運送業、製造業、IT・Web、サービス業"
"shoko-shoji","晶光商事","","","https://shoko-shoji.co.jp/","2社間・3社間","3","15","300000","50000000","1","TRUE","FALSE","FALSE","","","","即日入金可能、オンライン対応、個人事業主OK、全国対応、柔軟な審査","対応が迅速、審査が柔軟、全国対応","知名度がやや低い、手数料は個別査定","","建設業、運送業、製造業、IT・Web、サービス業"
"shukran","株式会社シュクラン","シュクラン","","https://shukran-factoring.jp/","2社間・3社間","3","15","300000","50000000","1","TRUE","FALSE","FALSE","","","","即日入金可能、オンライン対応、個人事業主OK、全国対応、柔軟な審査","対応が迅速、審査が柔軟、全国対応","知名度がやや低い、手数料は個別査定","","建設業、運送業、製造業、IT・Web、サービス業"
"sig-solution","株式会社SIGソリューション","SIGソリューション","","https://sig-solution.co.jp/","2社間・3社間","3","15","300000","50000000","1","TRUE","FALSE","FALSE","","","","即日入金可能、オンライン対応、個人事業主OK、全国対応、柔軟な審査","対応が迅速、審査が柔軟、全国対応","知名度がやや低い、手数料は個別査定","","建設業、運送業、製造業、IT・Web、サービス業"
"sme-support","株式会社SMEサポート","SMEサポート","","https://sme-support.co.jp/","2社間・3社間","3","15","300000","50000000","1","TRUE","FALSE","FALSE","","","","即日入金可能、オンライン対応、個人事業主OK、全国対応、柔軟な審査","対応が迅速、審査が柔軟、全国対応","知名度がやや低い、手数料は個別査定","","建設業、運送業、製造業、IT・Web、サービス業"
"sms-financial","株式会社エス・エム・エス フィナンシャルサービス","SMSフィナンシャル","","https://sms-financial.co.jp/","2社間・3社間","3","15","300000","50000000","1","TRUE","FALSE","FALSE","","","","即日入金可能、オンライン対応、個人事業主OK、全国対応、柔軟な審査","対応が迅速、審査が柔軟、全国対応","知名度がやや低い、手数料は個別査定","","建設業、運送業、製造業、IT・Web、サービス業"
"sol-support","SOL support","","","https://sol-support.co.jp/","2社間・3社間","3","15","300000","50000000","1","TRUE","FALSE","FALSE","","","","即日入金可能、オンライン対応、個人事業主OK、全国対応、柔軟な審査","対応が迅速、審査が柔軟、全国対応","知名度がやや低い、手数料は個別査定","","建設業、運送業、製造業、IT・Web、サービス業"
"ssk-factoring","SSK株式会社","SSK","","https://ssk-holdings.co.jp/","2社間・3社間","3","15","300000","50000000","1","TRUE","FALSE","FALSE","","","","即日入金可能、オンライン対応、個人事業主OK、全国対応、柔軟な審査","対応が迅速、審査が柔軟、全国対応","知名度がやや低い、手数料は個別査定","","建設業、運送業、製造業、IT・Web、サービス業"
"suga-finance","すがファイナンス","","","https://suga-finance.co.jp/","2社間・3社間","3","18","300000","50000000","1","TRUE","FALSE","FALSE","","","","即日入金可能、オンライン対応、個人事業主OK、全国対応、柔軟な審査","対応が迅速、審査が柔軟、全国対応","知名度がやや低い、手数料は個別査定","","建設業、運送業、製造業、IT・Web、サービス業"
"t-and-s","ティー・アンド・エス","","","https://t-and-s.info/","2社間・3社間","3","15","300000","50000000","1","TRUE","FALSE","FALSE","","","","即日入金可能、オンライン対応、個人事業主OK、全国対応、柔軟な審査","対応が迅速、審査が柔軟、全国対応","知名度がやや低い、手数料は個別査定","","建設業、運送業、製造業、IT・Web、サービス業"
"techpay","テックペイ","","","https://techpay.jp/","2社間・3社間","2","12","300000","50000000","1","TRUE","FALSE","FALSE","","","","テクノロジー活用、オンライン完結、即日入金、個人事業主OK、全国対応","対応が迅速、審査が柔軟、全国対応","知名度がやや低い、手数料は個別査定","","建設業、運送業、製造業、IT・Web、サービス業"
"third-eye","株式会社THIRD-i","サードアイ","","https://third-eye.co.jp/","2社間・3社間","3","15","300000","50000000","1","TRUE","FALSE","FALSE","","","","即日入金可能、オンライン対応、個人事業主OK、全国対応、柔軟な審査","対応が迅速、審査が柔軟、全国対応","知名度がやや低い、手数料は個別査定","","建設業、運送業、製造業、IT・Web、サービス業"
"tick","ティック株式会社","ティック","","https://tick-factoring.jp/","2社間・3社間","3","15","300000","50000000","1","TRUE","FALSE","FALSE","","","","即日入金可能、オンライン対応、個人事業主OK、全国対応、柔軟な審査","対応が迅速、審査が柔軟、全国対応","知名度がやや低い、手数料は個別査定","","建設業、運送業、製造業、IT・Web、サービス業"
"toshin-shoji","東信商事株式会社","東信商事","","https://toshin-shoji.co.jp/","2社間・3社間","3","15","300000","50000000","1","TRUE","FALSE","FALSE","","","","即日入金可能、オンライン対応、個人事業主OK、全国対応、柔軟な審査","対応が迅速、審査が柔軟、全国対応","知名度がやや低い、手数料は個別査定","","建設業、運送業、製造業、IT・Web、サービス業"
"transaction-finance","Tranzax株式会社","トランザクションファイナンス","","https://transaction-finance.jp/","2社間・3社間","2","10","300000","50000000","1","TRUE","FALSE","FALSE","","","","即日入金可能、オンライン対応、個人事業主OK、全国対応、柔軟な審査","対応が迅速、審査が柔軟、全国対応","知名度がやや低い、手数料は個別査定","","建設業、運送業、製造業、IT・Web、サービス業"
"urikakekin-pay","売掛金PAY JBL","","","https://px.a8.net/svt/ejp?a8mat=4AX1OL+BK60MQ+4V1O+5ZEMQ","2社間・3社間","3","15","300000","50000000","1","TRUE","FALSE","FALSE","","","","売掛金買取、法人対応、個人事業主OK、全国対応、柔軟な審査","対応が迅速、審査が柔軟、全国対応","知名度がやや低い、手数料は個別査定","","建設業、運送業、製造業、IT・Web、サービス業"
"whatever","有限会社WHATEVER","ワットエバー","","https://wtte.jp/","2社間・3社間","3","15","300000","50000000","1","TRUE","FALSE","FALSE","","","","即日入金可能、オンライン対応、個人事業主OK、全国対応、柔軟な審査","対応が迅速、審査が柔軟、全国対応","知名度がやや低い、手数料は個別査定","","建設業、運送業、製造業、IT・Web、サービス業"
"yamaki-shoji","山輝商事","","","https://yamaki-shoji.co.jp/","2社間・3社間","3","15","300000","50000000","1","TRUE","FALSE","FALSE","","","","即日入金可能、オンライン対応、個人事業主OK、全国対応、柔軟な審査","対応が迅速、審査が柔軟、全国対応","知名度がやや低い、手数料は個別査定","","建設業、運送業、製造業、IT・Web、サービス業"
"zaimu-saisei","財務再生支援センター","","","https://zaimu-saisei.com/","2社間・3社間","3","15","300000","50000000","1","TRUE","FALSE","FALSE","","","","財務再生支援、ファクタリング、経営改善、全国対応、コンサルティング","対応が迅速、審査が柔軟、全国対応","知名度がやや低い、手数料は個別査定","","建設業、運送業、製造業、IT・Web、サービス業"
"zaimukaikei-shien","一般社団法人財務会計支援機構","財務会計支援機構","","https://zaimukaikei-shien.or.jp/","2社間・3社間","3","15","300000","50000000","1","TRUE","FALSE","FALSE","","","","財務コンサル、ファクタリング、経営支援、全国対応、法人向け","対応が迅速、審査が柔軟、全国対応","知名度がやや低い、手数料は個別査定","","建設業、運送業、製造業、IT・Web、サービス業"
"cx-commit","株式会社CX","CXコミット","株式会社CXが運営するオンライン完結型ファクタリング。最短30分で振込、24時間365日対応。請求書と通帳の2点で申込可能。","https://neo7.net/link.php?id=N0000272&adwares=A0000213&tag=","2社間","2","15","100000","10000000","1","TRUE","FALSE","FALSE","","","","最短30分入金、24時間365日対応、オンライン完結、必要書類2点のみ、個人事業主OK","最短30分のスピード入金、24時間365日いつでも申込可能、必要書類は請求書と通帳のみ","手数料の詳細は要見積もり、買取先からの入金履歴が必要","","建設業、運送業、製造業、IT・Web、サービス業"
"kantan-factoring","簡単ファクタリング","","有限会社INOが運営するファクタリングサービス。最短2時間で入金、10万円〜5,000万円まで対応。非対面契約で全国から利用可能。","https://kantanfactoring.co.jp/ino-neo/?aid=53367d175ba455d89ad36d1f11ae76cf&neo7_sid=141bb7068afa73c41bcdd1354c9fe1ca&cid=A0000229&neo7_nid=N0000272","2社間・3社間","3","15","100000","50000000","1","TRUE","FALSE","FALSE","","","","最短2時間入金、10万円から対応、非対面契約OK、全国対応、他社並行利用可","最短2時間のスピード入金、少額10万円から利用可能、非対面・オンラインで全国対応","手数料の詳細は要見積もり、初回は5、000万円まで","","建設業、運送業、製造業、IT・Web、サービス業"
"miraregi","株式会社エムライズ","miraregi","株式会社エムライズが運営するEC事業者特化型ファクタリング。最短1時間で入金、請求書不要で売上金額から対応可能。オンライン完結。","https://neo7.net/link.php?id=N0000272&adwares=A0000208&tag=","2社間","5","15","150000","10000000","1","TRUE","FALSE","FALSE","","","","EC事業者特化、最短1時間入金、請求書不要、オンライン完結、個人事業主OK","EC事業者に特化した専門サービス、請求書がなくても売上金額で対応可能、最短1時間のスピード入金","手数料の上限が非公開、売掛先が個人事業主の場合は利用不可","","IT・Web"
"mentor-capital","株式会社Mentor Capital","メンターキャピタル","","https://neo7.net/link.php?id=N0000272&adwares=A0000212&tag=","2社間・3社間","2","15","1000000","100000000","2","FALSE","FALSE","FALSE","","","","最大1億円対応、専任担当者制、大口案件に強い、3社間で手数料優遇、法人向けサービス充実","対応が迅速、審査が柔軟、全国対応","知名度がやや低い、手数料は個別査定","","建設業、運送業、製造業、IT・Web、サービス業"
"msfj","MSFJ株式会社","MSFJ","","https://px.a8.net/svt/ejp?a8mat=4AX1OL+BN56NM+42NG+5Z6WX","2社間・3社間","1.8","9.8","100000","50000000","2","TRUE","FALSE","FALSE","","","","手数料1%〜、手数料の明確提示、リピート割引あり、オンライン完結、秘密厳守","対応が迅速、審査が柔軟、全国対応","知名度がやや低い、手数料は個別査定","","建設業、運送業、製造業、IT・Web、サービス業"
"top-management","株式会社トップ・マネジメント","トップ・マネジメント","","https://px.a8.net/svt/ejp?a8mat=4AX5KD+9UUDBM+3JLM+5YJRM","2社間・3社間","0.5","12.5","300000","300000000","1","TRUE","FALSE","FALSE","","","","累計5万件超の実績、最大3億円対応、即日入金、オンライン完結、ゼロファクタリングプラン","対応が迅速、審査が柔軟、全国対応","知名度がやや低い、手数料は個別査定","","建設業、運送業、製造業、IT・Web、サービス業"
"3s-factoring","株式会社スリーエス","3S","","https://px.a8.net/svt/ejp?a8mat=4AX1OL+BPIX2Q+5QRM+5YJRM","2社間・3社間","2","19","300000","50000000","1","TRUE","FALSE","FALSE","","","","即日入金可能、オンライン対応、個人事業主OK、全国対応、柔軟な審査","対応が迅速、審査が柔軟、全国対応","知名度がやや低い、手数料は個別査定","","建設業、運送業、製造業、IT・Web、サービス業"
"ace-trust","株式会社エーストラスト","エーストラスト","","https://px.a8.net/svt/ejp?a8mat=4AX5KD+9TNI42+5T7O+5Z6WX","2社間","1","15","300000","50000000","1","TRUE","FALSE","FALSE","","","","最短2時間送金、柔軟な審査基準、オンライン完結、全国対応、個人事業主OK","対応が迅速、審査が柔軟、全国対応","知名度がやや低い、手数料は個別査定","","建設業、運送業、製造業、IT・Web、サービス業"
"ennavi","株式会社インターテック","えんナビ","","https://px.a8.net/svt/ejp?a8mat=4AX0WK+FOEY9E+44CA+61C2P","2社間・3社間","5","20","300000","50000000","1","TRUE","FALSE","FALSE","","","","24時間365日対応、最短1日入金、全国対応、オンライン完結、秘密厳守","対応が迅速、審査が柔軟、全国対応","知名度がやや低い、手数料は個別査定","","建設業、運送業、製造業、IT・Web、サービス業"
"fortune-partners","株式会社フォーチューンパートナーズ","フォーチューンパートナーズ","","https://fortune-partners.jp/","2社間・3社間","3","15","300000","50000000","1","TRUE","FALSE","FALSE","","","","即日入金可能、オンライン対応、個人事業主OK、全国対応、柔軟な審査","対応が迅速、審査が柔軟、全国対応","知名度がやや低い、手数料は個別査定","","建設業、運送業、製造業、IT・Web、サービス業"
"kaisoku","株式会社アドプランニング","買速","","https://px.a8.net/svt/ejp?a8mat=4AX1OL+BRWNHU+5LZE+HVV0H","2社間","1","10","100000","50000000","1","TRUE","FALSE","FALSE","","","","最短30分入金、審査通過率92%、10万円から対応、Zoom契約対応、CloudSign電子契約","対応が迅速、審査が柔軟、全国対応","知名度がやや低い、手数料は個別査定","","建設業、運送業、製造業、IT・Web、サービス業"
"kyoei-support","株式会社共栄サポート","共栄サポート","","https://px.a8.net/svt/ejp?a8mat=4AX5KD+9Q2WHE+5U8W+5YJRM","2社間","2","15","300000","30000000","1","TRUE","FALSE","FALSE","","","","中小企業向け、柔軟な審査、丁寧なサポート、オンライン完結、全国対応","対応が迅速、審査が柔軟、全国対応","知名度がやや低い、手数料は個別査定","","建設業、運送業、製造業、IT・Web、サービス業"
"linx-japan","株式会社Linx Japan","Linx Japan","","https://linx-japan.co.jp/","2社間・3社間","2","15","300000","50000000","1","TRUE","FALSE","FALSE","","","","即日入金可能、オンライン対応、個人事業主OK、全国対応、柔軟な審査","対応が迅速、審査が柔軟、全国対応","知名度がやや低い、手数料は個別査定","","建設業、運送業、製造業、IT・Web、サービス業"
"next-style","株式会社ネクストスタイル","ネクストスタイル","","https://next-style.net/","2社間・3社間","3","15","300000","50000000","1","TRUE","FALSE","FALSE","","","","即日入金可能、オンライン対応、個人事業主OK、全国対応、柔軟な審査","対応が迅速、審査が柔軟、全国対応","知名度がやや低い、手数料は個別査定","","建設業、運送業、製造業、IT・Web、サービス業"
"nx-capital","NXキャピタル株式会社","NXキャピタル","","https://www.nx-capital.co.jp/","3社間","1","5","5000000","50000000","5","FALSE","FALSE","FALSE","","","","日本通運グループ、物流業界特化、法人向け、大口対応、全国対応","対応が迅速、審査が柔軟、全国対応","知名度がやや低い、手数料は個別査定","","建設業、運送業、製造業、IT・Web、サービス業"
"orix-factoring","オリックス株式会社","オリックス","","https://www.orix.co.jp/grp/","3社間","1","5","5000000","50000000","5","FALSE","FALSE","FALSE","","","","大手金融グループ、安定した資金力、全国対応、法人向け、大口取引対応","対応が迅速、審査が柔軟、全国対応","知名度がやや低い、手数料は個別査定","","建設業、運送業、製造業、IT・Web、サービス業"
"otti","株式会社オッティ","OTTI","","https://otti.jp/","2社間・3社間","5","20","300000","50000000","1","TRUE","FALSE","FALSE","","","","最短即日入金、30万円から対応、個人事業主OK、全国対応、オンライン対応","対応が迅速、審査が柔軟、全国対応","知名度がやや低い、手数料は個別査定","","建設業、運送業、製造業、IT・Web、サービス業"
"prosper-consulting","株式会社プロスパーコンサルティング","プロスパーコンサルティング","","https://prosper-consulting.jp/","2社間・3社間","3","15","300000","50000000","1","TRUE","FALSE","FALSE","","","","コンサルティング付き、即日入金、全国対応、法人・個人OK、経営支援","対応が迅速、審査が柔軟、全国対応","知名度がやや低い、手数料は個別査定","","建設業、運送業、製造業、IT・Web、サービス業"
"sankyo-service","株式会社三共サービス","三共サービス","","https://px.a8.net/svt/ejp?a8mat=4AX5KD+A36FSI+57YY+5YRHE","2社間・3社間","1.5","8","500000","100000000","2","FALSE","FALSE","FALSE","","","","創業20年以上、元金融マン対応、手数料が業界最安水準、最大1億円対応、法人専門","対応が迅速、審査が柔軟、全国対応","知名度がやや低い、手数料は個別査定","","建設業、運送業、製造業、IT・Web、サービス業"
"sts-factoring","株式会社STS","STS","","https://sts-factoring.jp/","2社間・3社間","3","15","300000","50000000","1","TRUE","FALSE","FALSE","","","","即日入金可能、オンライン対応、個人事業主OK、全国対応、柔軟な審査","対応が迅速、審査が柔軟、全国対応","知名度がやや低い、手数料は個別査定","","建設業、運送業、製造業、IT・Web、サービス業"
"trusfort","トラストフォート","","","https://trusfort.jp/","2社間","3","18","100000","30000000","1","TRUE","FALSE","FALSE","","","","個人事業主特化、10万円から利用可能、初回サポート充実、オンライン完結、必要書類が少ない","対応が迅速、審査が柔軟、全国対応","知名度がやや低い、手数料は個別査定","","建設業、運送業、製造業、IT・Web、サービス業"
"zaizen-group","株式会社財全GROUP","財全グループ","","https://zaizen-group.co.jp/","2社間・3社間","3","15","300000","50000000","1","TRUE","FALSE","FALSE","","","","北海道に強い、即日入金、個人事業主OK、全国対応、対面相談可","対応が迅速、審査が柔軟、全国対応","知名度がやや低い、手数料は個別査定","","建設業、運送業、製造業、IT・Web、サービス業"
"bestpay","株式会社アレシア","ベストペイ","","https://best-pay.jp/","2社間","5","20","1000000","300000000","2","TRUE","FALSE","FALSE","","","","注文書ファクタリング専門、受注段階で資金化、手数料5%〜、最大3億円、オンライン完結","対応が迅速、審査が柔軟、全国対応","知名度がやや低い、手数料は個別査定","","建設業、運送業、製造業、IT・Web、サービス業"
"bion","株式会社バイオン","バイオン","","https://bfrec.co.jp/","2社間","10","10","50000","50000000","1","TRUE","FALSE","FALSE","","","","AI審査、手数料一律10%、最短60分、5万円から対応、オンライン完結","対応が迅速、審査が柔軟、全国対応","知名度がやや低い、手数料は個別査定","","建設業、運送業、製造業、IT・Web、サービス業"
"factoring-japan","株式会社Frontierfort","ファクタリングジャパン","","https://factoring-japan.jp/","2社間・3社間","3","15","500000","300000000","1","TRUE","FALSE","FALSE","","","","最大3億円対応、即日入金可能、2社間・3社間対応、全国対応、電子契約対応","対応が迅速、審査が柔軟、全国対応","知名度がやや低い、手数料は個別査定","","建設業、運送業、製造業、IT・Web、サービス業"
"finto","トラボックス株式会社","Finto","","https://finto.jp/","2社間","2","9.5","10000","50000000","2","TRUE","FALSE","FALSE","","","","AI審査、手数料2%〜9.5%、金額制限なし、オンライン完結、カード後払いも対応","対応が迅速、審査が柔軟、全国対応","知名度がやや低い、手数料は個別査定","","建設業、運送業、製造業、IT・Web、サービス業"
"fukuoka-factoring","有限会社トラスト・コーポレーション","ファクタリング福岡","","https://fukuoka-factoring.com/","2社間・3社間","2","15","300000","50000000","1","TRUE","FALSE","FALSE","","","","創業20年の実績、九州特化、最短3時間、個人事業主OK、全国対応","対応が迅速、審査が柔軟、全国対応","知名度がやや低い、手数料は個別査定","","建設業、運送業、製造業、IT・Web、サービス業"
"invoice-pay","スマートヘッジ株式会社","インボイスPay","","https://invoice-pay.jp/","2社間","2.5","15","100000","50000000","1","TRUE","FALSE","FALSE","","","","最短即日入金、手数料2.5%〜、累計100億円超、債権譲渡登記不要、オンライン完結","対応が迅速、審査が柔軟、全国対応","知名度がやや低い、手数料は個別査定","","建設業、運送業、製造業、IT・Web、サービス業"
"japan-maison","日本中小企業金融サポート機構","","","https://chushokigyo-support.or.jp/","2社間・3社間","1.5","10","500000","300000000","3","TRUE","FALSE","FALSE","","","","一般社団法人運営、非営利で手数料が低い、経営相談も対応、全国対応、資金繰りコンサル付き","対応が迅速、審査が柔軟、全国対応","知名度がやや低い、手数料は個別査定","","建設業、運送業、製造業、IT・Web、サービス業"
"japanfactor","株式会社ジャパンファクター","ジャパンファクター","","https://japanfactor.jp/","2社間・3社間","5","20","100000","100000000","1","TRUE","FALSE","FALSE","","","","福岡・東京2拠点、手数料5%〜、診療報酬対応、最短即日、個人事業主OK","対応が迅速、審査が柔軟、全国対応","知名度がやや低い、手数料は個別査定","","建設業、運送業、製造業、IT・Web、サービス業"
"kensetsukun","株式会社ウィット","けんせつくん","","https://kensetsukun.com/","2社間","5","20","100000","50000000","1","TRUE","FALSE","FALSE","","","","建設業界専門、最短2時間入金、スマホで完結、来店不要、個人事業主OK","対応が迅速、審査が柔軟、全国対応","知名度がやや低い、手数料は個別査定","","建設業、運送業、製造業、IT・Web、サービス業"
"minnano-factoring","株式会社チェンジ","みんなのファクタリング","","https://minnano-factoring.com/","2社間","5","15","10000","5000000","1","TRUE","FALSE","FALSE","","","","個人事業主向け、少額対応、オンライン完結、簡単手続き、即日入金","対応が迅速、審査が柔軟、全国対応","知名度がやや低い、手数料は個別査定","","建設業、運送業、製造業、IT・Web、サービス業"
"ntt-finance","NTTファイナンス株式会社","NTTファイナンス","","https://www.ntt-finance.co.jp/","3社間","0.5","3","5000000","50000000","5","FALSE","FALSE","FALSE","","","","NTTグループ運営、低手数料、法人向け、大口対応、全国対応","対応が迅速、審査が柔軟、全国対応","知名度がやや低い、手数料は個別査定","","建設業、運送業、製造業、IT・Web、サービス業"
"onebank","株式会社スマートバンク","ワンバンク請求書買取","","https://www.onebank.co.jp/","2社間","6","15","10000","10000000","1","TRUE","FALSE","FALSE","","","","最短60分入金、決算書不要、面談不要、50業種以上対応、オンライン完結","対応が迅速、審査が柔軟、全国対応","知名度がやや低い、手数料は個別査定","","建設業、運送業、製造業、IT・Web、サービス業"
"quick-management","株式会社ウェーブネット","クイックマネジメント","","https://qm-factoring.com/","2社間","1","15","300000","50000000","1","TRUE","FALSE","FALSE","","","","最短30分入金、AI審査、オンライン完結、金額制限なし、全国対応","対応が迅速、審査が柔軟、全国対応","知名度がやや低い、手数料は個別査定","","建設業、運送業、製造業、IT・Web、サービス業"
"s-factoring","Sファクタリング","","","https://s-factoring.jp/","2社間","3","15","100000","30000000","1","TRUE","FALSE","FALSE","","","","柔軟な審査、最短即日入金、オンライン完結、個人事業主OK、全国対応","対応が迅速、審査が柔軟、全国対応","知名度がやや低い、手数料は個別査定","","建設業、運送業、製造業、IT・Web、サービス業"
"shikin-pay","ピーエムジー株式会社","資金調達ペイ","","https://shikin-pay.com/","2社間","3","15","100000","50000000","1","TRUE","FALSE","FALSE","","","","オンライン完結、最短即日入金、書類が少ない、全国対応、個人事業主OK","対応が迅速、審査が柔軟、全国対応","知名度がやや低い、手数料は個別査定","","建設業、運送業、製造業、IT・Web、サービス業"
"shikin-quick","株式会社MIRIZE","資金調達QUICK","","https://shikin-quick.com/","2社間","1","15","10000","50000000","1","TRUE","FALSE","FALSE","","","","最短10分入金、手数料1%〜、累計10万件超、オンライン完結、個人事業主OK","対応が迅速、審査が柔軟、全国対応","知名度がやや低い、手数料は個別査定","","建設業、運送業、製造業、IT・Web、サービス業"
"trapay","株式会社トラストゲートウェイ","トラペイ","","https://trapay.jp/","2社間","2","12","100000","50000000","1","TRUE","FALSE","FALSE","","","","オンライン完結、業界最安水準の手数料、必要書類が少ない、全国対応、法人・個人対応","対応が迅速、審査が柔軟、全国対応","知名度がやや低い、手数料は個別査定","","建設業、運送業、製造業、IT・Web、サービス業"
"vistia","株式会社VISTIA","VISTIA","","https://vistia-factoring.jp/","2社間・3社間","3","15","100000","50000000","1","TRUE","FALSE","FALSE","","","","即日入金対応、法人向け、柔軟な審査、全国対応、少額対応","対応が迅速、審査が柔軟、全国対応","知名度がやや低い、手数料は個別査定","","建設業、運送業、製造業、IT・Web、サービス業"
"witt","株式会社ウィット","ウィット","","https://witt-factoring.jp/","2社間","5","20","100000","5000000","1","TRUE","FALSE","FALSE","","","","小口専門500万円以下、電話1本で対応、即日入金、来店不要、個人事業主OK","対応が迅速、審査が柔軟、全国対応","知名度がやや低い、手数料は個別査定","","建設業、運送業、製造業、IT・Web、サービス業"
"alps-finance","アルプスファイナンスサービス株式会社","アルプスファイナンスサービス","","https://alps-finance.co.jp/","2社間・3社間","3","15","300000","50000000","1","TRUE","FALSE","FALSE","","","","即日入金可能、オンライン対応、個人事業主OK、全国対応、柔軟な審査","対応が迅速、審査が柔軟、全国対応","知名度がやや低い、手数料は個別査定","","建設業、運送業、製造業、IT・Web、サービス業"
"central-medience","株式会社Central Medience","セントラルメディエンスペイメンツ","","https://central-medience.co.jp/","3社間","1","5","300000","50000000","3","TRUE","FALSE","FALSE","","","","医療機関向け、調剤報酬対応、低手数料、全国対応、専門スタッフ","対応が迅速、審査が柔軟、全国対応","知名度がやや低い、手数料は個別査定","","建設業、運送業、製造業、IT・Web、サービス業"
"cool-pay","株式会社MRISE","CoolPay","","https://neo7.net/link.php?id=N0000272&adwares=A0000115&tag=","2社間・3社間","2","12","300000","50000000","1","TRUE","FALSE","FALSE","","","","AI審査、即日入金、オンライン完結、個人事業主OK、全国対応","対応が迅速、審査が柔軟、全国対応","知名度がやや低い、手数料は個別査定","","建設業、運送業、製造業、IT・Web、サービス業"
"e-bank","株式会社アクシアプラス","いーばんく","","https://e-bank-factoring.jp/","2社間・3社間","3","15","300000","50000000","1","TRUE","FALSE","FALSE","","","","オンライン完結、即日入金、個人事業主OK、全国対応、簡単手続き","対応が迅速、審査が柔軟、全国対応","知名度がやや低い、手数料は個別査定","","建設業、運送業、製造業、IT・Web、サービス業"
"ebis-holdings","株式会社エビスホールディングス","エビスホールディングス","","https://ebis-holdings.co.jp/","2社間・3社間","3","15","300000","50000000","1","TRUE","FALSE","FALSE","","","","即日入金可能、オンライン対応、個人事業主OK、全国対応、柔軟な審査","対応が迅速、審査が柔軟、全国対応","知名度がやや低い、手数料は個別査定","","建設業、運送業、製造業、IT・Web、サービス業"
"factbank","株式会社Re8","ファクトバンク","","https://factbank.jp/","2社間・3社間","2","15","300000","50000000","1","TRUE","FALSE","FALSE","","","","比較サービス、マッチング、複数社提案、無料相談、全国対応","対応が迅速、審査が柔軟、全国対応","知名度がやや低い、手数料は個別査定","","建設業、運送業、製造業、IT・Web、サービス業"
"fast-factoring","株式会社ミラージュ","ファストファクタリング","","https://fast-factoring.jp/","2社間・3社間","3","18","300000","50000000","1","TRUE","FALSE","FALSE","","","","最短即日、スピード審査、オンライン対応、個人事業主OK、全国対応","対応が迅速、審査が柔軟、全国対応","知名度がやや低い、手数料は個別査定","","建設業、運送業、製造業、IT・Web、サービス業"
"growrize","株式会社グローライズ","グローライズ","","https://growrize.co.jp/","2社間・3社間","3","15","300000","50000000","1","TRUE","FALSE","FALSE","","","","即日入金可能、オンライン対応、個人事業主OK、全国対応、柔軟な審査","対応が迅速、審査が柔軟、全国対応","知名度がやや低い、手数料は個別査定","","建設業、運送業、製造業、IT・Web、サービス業"
"healthee-one","株式会社HealtheeOne","HealtheeOne","","https://healthee-one.co.jp/","3社間","1","5","300000","50000000","3","TRUE","FALSE","FALSE","","","","医療業界特化、ヘルスケア対応、法人向け、全国対応、専門スタッフ","対応が迅速、審査が柔軟、全国対応","知名度がやや低い、手数料は個別査定","","建設業、運送業、製造業、IT・Web、サービス業"
"i-service","株式会社iサービス","iサービス","","https://i-service.co.jp/","2社間・3社間","3","15","300000","50000000","1","TRUE","FALSE","FALSE","","","","オンライン対応、即日入金、個人事業主OK、全国対応、柔軟な審査","対応が迅速、審査が柔軟、全国対応","知名度がやや低い、手数料は個別査定","","建設業、運送業、製造業、IT・Web、サービス業"
"ichifuku","一福","","","https://ichifuku.co.jp/","2社間・3社間","3","15","300000","50000000","1","TRUE","FALSE","FALSE","","","","即日入金可能、オンライン対応、個人事業主OK、全国対応、柔軟な審査","対応が迅速、審査が柔軟、全国対応","知名度がやや低い、手数料は個別査定","","建設業、運送業、製造業、IT・Web、サービス業"
"japan-trust","株式会社日本トラスト","日本トラスト","","https://japan-trust.co.jp/","2社間・3社間","3","15","300000","50000000","1","TRUE","FALSE","FALSE","","","","即日入金可能、オンライン対応、個人事業主OK、全国対応、柔軟な審査","対応が迅速、審査が柔軟、全国対応","知名度がやや低い、手数料は個別査定","","建設業、運送業、製造業、IT・Web、サービス業"
"jsc-factoring","株式会社ジェイエスシー","JSC","","https://jsc-factoring.jp/","2社間・3社間","3","15","300000","50000000","1","TRUE","FALSE","FALSE","","","","即日入金可能、オンライン対応、個人事業主OK、全国対応、柔軟な審査","対応が迅速、審査が柔軟、全国対応","知名度がやや低い、手数料は個別査定","","建設業、運送業、製造業、IT・Web、サービス業"
"k-support","株式会社Kサポート","Kサポート","","https://k-support.co.jp/","2社間・3社間","3","15","300000","50000000","1","TRUE","FALSE","FALSE","","","","即日入金可能、オンライン対応、個人事業主OK、全国対応、柔軟な審査","対応が迅速、審査が柔軟、全国対応","知名度がやや低い、手数料は個別査定","","建設業、運送業、製造業、IT・Web、サービス業"
"kosei","コーセイ","","","https://kosei-factoring.jp/","2社間・3社間","3","15","300000","50000000","1","TRUE","FALSE","FALSE","","","","即日入金可能、オンライン対応、個人事業主OK、全国対応、柔軟な審査","対応が迅速、審査が柔軟、全国対応","知名度がやや低い、手数料は個別査定","","建設業、運送業、製造業、IT・Web、サービス業"
"kyushu-factor","株式会社トータルサポート","九州ファクター","","https://kyushu-factor.jp/","2社間・3社間","3","15","300000","50000000","1","TRUE","FALSE","FALSE","","","","九州拠点、地域密着、即日入金、個人事業主OK、対面相談可","対応が迅速、審査が柔軟、全国対応","知名度がやや低い、手数料は個別査定","","建設業、運送業、製造業、IT・Web、サービス業"
"localworks-payment","株式会社ローカルワークス","ローカルワークスペイメント","","https://localworks-payment.jp/","2社間・3社間","3","15","300000","50000000","1","TRUE","FALSE","FALSE","","","","地域密着、建設業界に強い、即日入金、個人事業主OK、柔軟な審査","対応が迅速、審査が柔軟、全国対応","知名度がやや低い、手数料は個別査定","","建設業、運送業、製造業、IT・Web、サービス業"
"make-move","メイク・ムーヴ","","","https://make-move.co.jp/","2社間・3社間","3","15","300000","50000000","1","TRUE","FALSE","FALSE","","","","即日入金可能、オンライン対応、個人事業主OK、全国対応、柔軟な審査","対応が迅速、審査が柔軟、全国対応","知名度がやや低い、手数料は個別査定","","建設業、運送業、製造業、IT・Web、サービス業"
"meisei-enterprise","明成エンタープライズ株式会社","明成エンタープライズ","","https://meisei-enterprise.co.jp/","2社間・3社間","3","15","300000","50000000","1","TRUE","FALSE","FALSE","","","","即日入金可能、オンライン対応、個人事業主OK、全国対応、柔軟な審査","対応が迅速、審査が柔軟、全国対応","知名度がやや低い、手数料は個別査定","","建設業、運送業、製造業、IT・Web、サービス業"
"ms-quest","エムズクエスト","","","https://ms-quest.co.jp/","2社間・3社間","3","15","300000","50000000","1","TRUE","FALSE","FALSE","","","","即日入金可能、オンライン対応、個人事業主OK、全国対応、柔軟な審査","対応が迅速、審査が柔軟、全国対応","知名度がやや低い、手数料は個別査定","","建設業、運送業、製造業、IT・Web、サービス業"
"ntt-tc-lease","NTT・TCリース株式会社","NTT・TCリース","","https://www.ntt-tc-lease.com/","3社間","0.5","5","10000000","50000000","5","FALSE","FALSE","FALSE","","","","NTTグループ、大手運営、法人向け、リース対応、全国対応","対応が迅速、審査が柔軟、全国対応","知名度がやや低い、手数料は個別査定","","建設業、運送業、製造業、IT・Web、サービス業"
"rearth","株式会社REARTH","REARTH","","https://rearth.co.jp/","2社間・3社間","3","15","300000","50000000","1","TRUE","FALSE","FALSE","","","","即日入金可能、オンライン対応、個人事業主OK、全国対応、柔軟な審査","対応が迅速、審査が柔軟、全国対応","知名度がやや低い、手数料は個別査定","","建設業、運送業、製造業、IT・Web、サービス業"
"rising","株式会社ライジング・インベストメントマネジメント","ライジング","","https://rising-factoring.jp/","2社間・3社間","3","15","300000","50000000","1","TRUE","FALSE","FALSE","","","","即日入金可能、オンライン対応、個人事業主OK、全国対応、柔軟な審査","対応が迅速、審査が柔軟、全国対応","知名度がやや低い、手数料は個別査定","","建設業、運送業、製造業、IT・Web、サービス業"
"ryfety","ライフティ株式会社","ライフティ","","https://ryfety.co.jp/","2社間・3社間","3","15","300000","50000000","1","TRUE","FALSE","FALSE","","","","即日入金可能、オンライン対応、個人事業主OK、全国対応、柔軟な審査","対応が迅速、審査が柔軟、全国対応","知名度がやや低い、手数料は個別査定","","建設業、運送業、製造業、IT・Web、サービス業"
"s-com","株式会社エスコム","S-COM","","https://s-com.jp/","2社間・3社間","3","15","300000","50000000","1","TRUE","FALSE","FALSE","","","","即日入金可能、オンライン対応、個人事業主OK、全国対応、柔軟な審査","対応が迅速、審査が柔軟、全国対応","知名度がやや低い、手数料は個別査定","","建設業、運送業、製造業、IT・Web、サービス業"
"sfi-leasing","SFIリーシング株式会社","SFIリーシング","","https://www.sfil.co.jp/","3社間","1","8","300000","50000000","3","FALSE","FALSE","FALSE","","","","リース対応、ファクタリング、法人向け、全国対応、大口対応","対応が迅速、審査が柔軟、全国対応","知名度がやや低い、手数料は個別査定","","建設業、運送業、製造業、IT・Web、サービス業"
"shikin-plus","株式会社Biz Forward","SHIKIN+","","https://shikin-plus.jp/","2社間・3社間","3","15","300000","50000000","1","TRUE","FALSE","FALSE","","","","即日入金、個人事業主OK、オンライン対応、全国対応、少額対応","対応が迅速、審査が柔軟、全国対応","知名度がやや低い、手数料は個別査定","","建設業、運送業、製造業、IT・Web、サービス業"
"sinsia","株式会社シンシア","シンシア","","https://sinsia.co.jp/","2社間・3社間","3","15","300000","50000000","1","TRUE","FALSE","FALSE","","","","即日入金可能、オンライン対応、個人事業主OK、全国対応、柔軟な審査","対応が迅速、審査が柔軟、全国対応","知名度がやや低い、手数料は個別査定","","建設業、運送業、製造業、IT・Web、サービス業"
"sk-service","株式会社SKサービス","SKサービス","","https://sk-service.co.jp/","2社間・3社間","3","15","300000","50000000","1","TRUE","FALSE","FALSE","","","","即日入金可能、オンライン対応、個人事業主OK、全国対応、柔軟な審査","対応が迅速、審査が柔軟、全国対応","知名度がやや低い、手数料は個別査定","","建設業、運送業、製造業、IT・Web、サービス業"
"smart-factor","有限会社MSJ INNOVATION","スマートファクター","","https://smartfactor.jp/","2社間・3社間","2","12","300000","50000000","1","TRUE","FALSE","FALSE","","","","オンライン完結、スマート審査、即日入金、個人事業主OK、全国対応","対応が迅速、審査が柔軟、全国対応","知名度がやや低い、手数料は個別査定","","建設業、運送業、製造業、IT・Web、サービス業"
"smfl","三井住友ファイナンス＆リース株式会社","SMFL","","https://www.smfl.co.jp/","3社間","0.5","3","10000000","50000000","5","FALSE","FALSE","FALSE","","","","三井住友グループ、大手金融機関、法人向け、大口対応、リース対応","対応が迅速、審査が柔軟、全国対応","知名度がやや低い、手数料は個別査定","","建設業、運送業、製造業、IT・Web、サービス業"
"sokuderu","株式会社フラップコミュニケーション","ソクデル","","https://sokuderu.jp/","2社間・3社間","3","18","300000","50000000","1","TRUE","FALSE","FALSE","","","","即日入金特化、スピード対応、個人事業主OK、全国対応、少額OK","対応が迅速、審査が柔軟、全国対応","知名度がやや低い、手数料は個別査定","","建設業、運送業、製造業、IT・Web、サービス業"
"sokula","株式会社アクセルファクター","SOKULA","","https://sokula.jp/","2社間・3社間","2","15","300000","50000000","1","TRUE","FALSE","FALSE","","","","迅速な審査、即日入金、オンライン対応、個人事業主OK、全国対応","対応が迅速、審査が柔軟、全国対応","知名度がやや低い、手数料は個別査定","","建設業、運送業、製造業、IT・Web、サービス業"
"sowa-enterprise","株式会社創和エンタープライズ","創和エンタープライズ","","https://sowa-enterprise.co.jp/","2社間・3社間","3","15","300000","50000000","1","TRUE","FALSE","FALSE","","","","経営コンサル、ファクタリング、中小企業向け、全国対応、柔軟な審査","対応が迅速、審査が柔軟、全国対応","知名度がやや低い、手数料は個別査定","","建設業、運送業、製造業、IT・Web、サービス業"
"taihei-fs","株式会社太平フィナンシャルサービス","太平フィナンシャルサービス","","https://www.taihei-fs.co.jp/","3社間","1","8","300000","50000000","3","TRUE","FALSE","FALSE","","","","リース対応、ファクタリング、法人向け、全国対応、安定経営","対応が迅速、審査が柔軟、全国対応","知名度がやや低い、手数料は個別査定","","建設業、運送業、製造業、IT・Web、サービス業"
"tomin-shinpan","株式会社トミンシンパン","トミンシンパン","","https://www.tomin.co.jp/","2社間・3社間","3","15","300000","50000000","1","TRUE","FALSE","FALSE","","","","東京拠点、首都圏に強い、即日入金、個人事業主OK、対面相談可","対応が迅速、審査が柔軟、全国対応","知名度がやや低い、手数料は個別査定","","建設業、運送業、製造業、IT・Web、サービス業"
"tranzax","Tranzax株式会社","Tranzax","","https://tranzax.co.jp/","3社間","1","5","300000","50000000","3","TRUE","FALSE","FALSE","","","","電子記録債権、テクノロジー活用、法人向け、全国対応、低手数料","対応が迅速、審査が柔軟、全国対応","知名度がやや低い、手数料は個別査定","","建設業、運送業、製造業、IT・Web、サービス業"
"trust-pay","トラストペイ","","","https://trust-pay.jp/","2社間・3社間","3","15","300000","50000000","1","TRUE","FALSE","FALSE","","","","即日入金可能、オンライン対応、個人事業主OK、全国対応、柔軟な審査","対応が迅速、審査が柔軟、全国対応","知名度がやや低い、手数料は個別査定","","建設業、運送業、製造業、IT・Web、サービス業"
"unity-factoring","株式会社UNITY","UNITY","","https://unity-factoring.jp/","2社間・3社間","3","15","300000","50000000","1","TRUE","FALSE","FALSE","","","","即日入金可能、オンライン対応、個人事業主OK、全国対応、柔軟な審査","対応が迅速、審査が柔軟、全国対応","知名度がやや低い、手数料は個別査定","","建設業、運送業、製造業、IT・Web、サービス業"
"zen-confiance","株式会社善コンフィアンス","善コンフィアンス","","https://zen-confiance.co.jp/","2社間・3社間","3","15","300000","50000000","1","TRUE","FALSE","FALSE","","","","即日入金可能、オンライン対応、個人事業主OK、全国対応、柔軟な審査","対応が迅速、審査が柔軟、全国対応","知名度がやや低い、手数料は個別査定","","建設業、運送業、製造業、IT・Web、サービス業"
"zerofac","株式会社トップ・マネジメント","ZEROファク","","https://zerofac.jp/","2社間・3社間","1","10","300000","50000000","1","TRUE","FALSE","FALSE","","","","低手数料、即日入金、オンライン対応、個人事業主OK、全国対応","対応が迅速、審査が柔軟、全国対応","知名度がやや低い、手数料は個別査定","","建設業、運送業、製造業、IT・Web、サービス業"
"cashnow","Common Future & Co.株式会社","CASH NOW","","https://cashnow.co.jp","2社間","9.5","9.5","300000","1500000","1","TRUE","FALSE","FALSE","","","","低手数料、即日入金、オンライン対応、個人事業主OK、全国対応","対応が迅速、審査が柔軟、全国対応","知名度がやや低い、手数料は個別査定","","建設業、運送業、製造業、IT・Web、サービス業"