slug,name,description,affiliateUrl,factoringType,feeMin,feeMax,minAmount,maxAmount,speedDays,onlineComplete,soleProprietorOk,weekendPayment,features,pros,cons,overallRating,rankPosition,establishedYear,targetIndustries
paytner,ペイトナー,最短10分で請求書を現金化。手数料一律10%で明瞭、1万円の少額から利用可能なフリーランス向けサービス。,https://px.a8.net/svt/ejp?a8mat=4AX0WK+EMWN5E+4PF6+644DT,2社間,10,10,10000,1000000,1,True,True,False,最短10分入金|手数料一律10%|1万円から利用OK|書類3点のみ|アプリ対応,最短10分の超高速入金|手数料が一律で分かりやすい|必要書類が非常に少ない,手数料10%固定で割高な場合も|買取上限が100万円と低い,4.8,1,2019,IT・Web|デザイン|広告・メディア|飲食業
labol,ラボル,IT・クリエイター業界に特化したファクタリングサービス。業界の商習慣を理解した審査体制で、Web制作やシステム開発など長期プロジェクトの売掛金にも柔軟に対応します。,https://px.a8.net/svt/ejp?a8mat=4AX0WK+F2DWVM+40JM+1BP19T,2社間,10,10,10000,10000000,1,True,True,True,IT・クリエイター特化|最短60分入金|1万円から利用OK|24時間申込可能|オンライン完結,IT業界の商習慣を理解した審査|最短60分のスピード入金|少額1万円から気軽に利用可能,IT・クリエイター以外の業種は審査が厳しい場合あり|上限金額がやや低め,4.8,2,2021,IT・Web|システム開発|デザイン|映像制作|ゲーム開発
olta,OLTA（オルタ）,クラウドファクタリングのパイオニア。AIを活用した審査で最短即日、完全オンラインで手続きが完了します。,https://www.olta.co.jp/,2社間,2,9,300000,50000000,1,True,True,False,AI審査|完全オンライン|請求書のアップロードだけ|手数料上限9%|金額制限なし,手数料が業界最安（2〜9%）|面談不要で完全オンライン|AI審査で最短即日入金,2社間ファクタリングのみ|対面での相談ができない,4.7,3,2017,IT・Web|広告・メディア|人材派遣|製造業
ququmo,QuQuMo（ククモ）,オンライン完結で最速2時間入金。手数料1%～14.8%、個人事業主もOK。,https://px.a8.net/svt/ejp?a8mat=4AX5KD+9QOC36+4JGG+BXIYP,2社間,1,14.8,10000,50000000,1,True,True,False,最速2時間入金|手数料1%〜|オンライン完結|個人事業主OK|金額上限なし,業界最安水準の手数料1%〜|最速2時間で資金化|必要書類が少ない,2者間のみ|電話サポートの時間が限られる,4.7,4,2017,IT・Web|建設業|製造業|小売業|サービス業
freenance,フリーナンス,GMOグループが運営するフリーランス向け総合サービス。ファクタリング機能「即日払い」に加え、損害賠償保険やバーチャルオフィスなど、フリーランスの働き方を総合的にサポートします。,https://px.a8.net/svt/ejp?a8mat=4AX0WK+FEW0KY+47L8+5ZU29,2社間,3,10,10000,10000000,1,True,True,False,GMOグループ運営|即日払い対応|損害賠償保険付帯|1万円から利用可能|アプリで簡単操作,大手GMOグループの安心感|1万円の少額から利用できる|保険やバーチャルオフィスなど付帯サービスが豊富,法人向けの大口案件には不向き|フリーランス以外は利用しにくい,4.6,5,2018,フリーランス|クリエイター|エンジニア|ライター|デザイナー
betrading,ビートレーディング,"累計取引社数8.5万社超、累積買取額1,745億円の業界最大手。最短2時間で入金。",https://betrading.jp/,2社間・3社間,2,12,10000,700000000,1,True,True,False,最短2時間入金|累計8.5万社利用|注文書ファクタリング対応|オンライン完結|全国5拠点,業界最大手の安心感|最短2時間のスピード入金|2者間・3者間の両方に対応,大手のため審査がやや厳しい場合も|3社間は時間がかかる場合あり,4.7,6,2012,建設業|運送業|製造業|医療・介護|卸売業
no1,No.1ファクタリング,建設業界に強いファクタリング会社。対面相談も可能で、手厚いサポートが魅力。全国出張対応。,https://px.a8.net/svt/ejp?a8mat=4AX5KD+A5K67M+4EKW+5ZEMP,2社間・3社間,1,15,500000,50000000,1,False,True,False,建設業特化|対面相談可能|全国出張対応|3社間対応|診療報酬対応,建設業の実績が豊富|対面で丁寧に相談できる|3社間ファクタリングにも対応,オンライン完結ではない|手数料の幅が広い,4.6,7,2016,建設業|運送業|医療・介護|製造業
msfj,MSFJ,業界最安水準の手数料1%〜が最大の魅力。コスト重視の企業に選ばれているファクタリング会社で、手数料の透明性にも定評があります。,https://px.a8.net/svt/ejp?a8mat=4AX1OL+BMJR1U+42NG+C03K1,2社間・3社間,1.8,9.8,100000,50000000,2,True,True,False,手数料1%〜|手数料の明確提示|リピート割引あり|オンライン完結|秘密厳守,業界最安水準の手数料体系|手数料が事前に明確に提示される|リピート利用で手数料がさらに優遇,入金まで最短2日かかる|高額案件の対応上限がやや低め,4.5,8,2017,IT・Web|広告業|コンサルティング|製造業|卸売業
best-factor,ベストファクター,業界最安水準の手数料と即日入金が魅力のファクタリング会社。オンライン完結で全国対応、幅広い業種に対応しています。,https://bestfactor.jp/,2社間・3社間,2,20,300000,100000000,1,True,True,False,即日入金可能|オンライン完結|審査通過率93%|個人事業主OK|全国対応,業界最安水準の手数料|最短即日で資金調達可能|オンラインで手続き完結,3社間ファクタリングは時間がかかる場合あり|初回は審査に時間がかかることも,4.5,9,2017,建設業|運送業|製造業|IT・Web|医療・介護
goodplus,GoodPlus（グッドプラス）,土日祝も対応。最短90分で入金。手数料5%～15%。他社比較で1%以上安くする保証付き。,https://px.a8.net/svt/ejp?a8mat=4AX5KD+A1ZKKY+5DD4+5ZU29,2社間,5,15,100000,50000000,1,True,True,True,土日祝も対応|最短90分入金|他社より1%安い保証|審査通過率90%|オンライン完結,土日祝日も営業|最短90分のスピード|他社見積より安くする保証,手数料下限が5%とやや高め|法人のみ対応の場合あり,4.4,10,2020,建設業|運送業|製造業|IT・Web|サービス業
kaisoku,買速（KAISOKU）,最短30分で入金可能な超スピード対応ファクタリング。審査通過率92%、10万円の少額から対応。,https://px.a8.net/svt/ejp?a8mat=4AX1OL+BRWNHU+5LZE+HVV0H,2社間,1,10,100000,50000000,1,True,True,False,最短30分入金|審査通過率92%|10万円から対応|Zoom契約対応|CloudSign電子契約,業界最速クラスの入金スピード|少額10万円から利用可能|赤字決算・税金滞納でも利用可,2社間ファクタリングのみ|対面での相談ができない,4.3,11,2020,建設業|運送業|製造業|小売業|飲食業
ace-trust,エーストラスト,"独自の柔軟な審査基準で高い契約率を誇るファクタリング会社。最短2時間で送金完了、最大5,000万円まで対応。",https://px.a8.net/svt/ejp?a8mat=4AX5KD+9TNI42+5T7O+5Z6WX,2社間,1,15,300000,50000000,1,True,False,False,最短2時間送金|柔軟な審査基準|オンライン完結|全国対応|個人事業主OK,審査が柔軟で通りやすい|入金スピードが速い|対面・オンラインどちらも対応,知名度がやや低い|手数料の幅が広い,4.3,12,2018,建設業|運送業|製造業|IT・Web|サービス業
sankyo-service,三共サービス,創業20年以上の老舗ファクタリング会社。元金融マンによる丁寧な対応と業界最安水準の手数料が魅力。,https://px.a8.net/svt/ejp?a8mat=4AX5KD+A36FSI+57YY+5YRHE,2社間・3社間,1.5,8,500000,100000000,2,False,False,False,創業20年以上|元金融マン対応|手数料が業界最安水準|最大1億円対応|法人専門,長年の実績と信頼性|手数料が低い|金融のプロによる丁寧なサポート,個人事業主は利用不可|入金まで2日程度かかる,4.3,13,2001,建設業|製造業|運送業|卸売業|人材派遣
top-management,トップ・マネジメント,累計取引件数5万件超の実績。最短即日入金、2社間・3社間両対応で幅広いニーズに応える。,https://px.a8.net/svt/ejp?a8mat=4AX5KD+9UUDBM+3JLM+5YJRM,2社間・3社間,0.5,12.5,300000,300000000,1,True,True,False,累計5万件超の実績|最大3億円対応|即日入金|オンライン完結|ゼロファクタリングプラン,豊富な取引実績で安心|大口案件にも対応可能|手数料0%のプランもある,審査基準がやや厳しい場合も|大口以外は対応が遅くなる場合も,4.2,14,2009,建設業|運送業|製造業|医療・介護|人材派遣
nishi-nihon-factor,西日本ファクター,"中国・九州エリア密着型のファクタリング会社。最短即日で1,000万円まで買取可能。地域企業に強い。",https://px.a8.net/svt/ejp?a8mat=4AX1ON+BMJR1U+3XT0+5YJRM,2社間・3社間,2.8,15,300000,30000000,1,False,True,True,中国・九州エリア特化|最短即日入金|対面相談可能|地域密着サポート|経営相談対応,西日本エリアに密着した対応|対面での丁寧な相談が可能|地域企業の事情に精通,東日本では利用しにくい|オンライン完結に非対応,4.2,15,2017,建設業|運送業|製造業|医療・介護|小売業
ad-planning,アドプランニング,手数料2%～10%の業界最安水準。10万円からの少額買取にも対応。,https://px.a8.net/svt/ejp?a8mat=4AX1OL+BSI33M+5LZE+BXB8X,2社間・3社間,2,10,100000,100000000,1,True,True,False,手数料2%〜10%|少額10万円から対応|最短30分審査|審査通過率88%|資金繰りコンサル付き,業界最安水準の手数料|少額からも利用可能|コンサルティングサービス付き,知名度がやや低い|大口案件は別途相談,4.2,16,2018,IT・Web|建設業|小売業|飲食業|サービス業
factoring-zero,ファクタリングZERO,"福岡発、西日本を中心に展開するファクタリング会社。審査通過率96%、20万円〜5,000万円まで対応。",https://px.a8.net/svt/ejp?a8mat=4AX5KD+A2L06Q+4DJO+5YJRM,2社間・3社間,1.5,10,200000,50000000,1,True,True,False,審査通過率96%|西日本に強い|診療・介護報酬対応|オンライン完結|2011年設立の実績,審査通過率が非常に高い|診療・介護報酬にも対応|西日本エリアに強い,東日本では対面対応が難しい場合あり|手数料の上限がやや高め,4.2,17,2011,建設業|医療・介護|運送業|製造業|小売業
kyoei-support,共栄サポート,中小企業向けファクタリングを提供。柔軟な審査と丁寧なサポートで初めての方にも安心。,https://px.a8.net/svt/ejp?a8mat=4AX5KD+9Q2WHE+5U8W+5YJRM,2社間,2,15,300000,30000000,1,True,False,False,中小企業向け|柔軟な審査|丁寧なサポート|オンライン完結|全国対応,審査が柔軟で通りやすい|初めてでも丁寧にサポート|中小企業のニーズに合ったサービス,大口案件には不向き|知名度がまだ低い,4.2,18,2019,小売業|飲食業|サービス業|IT・Web
alps-finance,アルプスファイナンスサービス,ファクタリング・金融サービス。地域密着型。,https://alps-finance.co.jp/,2社間・3社間,3,15,300000,50000000,1,True,True,False,即日入金可能|オンライン対応|個人事業主OK|全国対応|柔軟な審査,対応が迅速|審査が柔軟|全国対応,知名度がやや低い|手数料は個別査定,4.3,19,2018,建設業|運送業|製造業|IT・Web|サービス業
central-medience,セントラルメディエンスペイメンツ,医療・調剤報酬ファクタリング。医療機関向けの資金調達。,https://central-medience.co.jp/,3社間,1,5,300000,50000000,3,True,False,False,医療機関向け|調剤報酬対応|低手数料|全国対応|専門スタッフ,対応が迅速|審査が柔軟|全国対応,知名度がやや低い|手数料は個別査定,4.3,20,2018,医療・介護
cool-pay,CoolPay,クールペイはAIを活用したオンラインファクタリング。即日資金調達が可能。,https://cool-pay.jp/,2社間・3社間,2,12,300000,50000000,1,True,True,False,AI審査|即日入金|オンライン完結|個人事業主OK|全国対応,対応が迅速|審査が柔軟|全国対応,知名度がやや低い|手数料は個別査定,4.3,21,2020,建設業|運送業|製造業|IT・Web|サービス業
e-bank,いーばんく,オンライン特化のファクタリングサービス。手軽に資金調達が可能。,https://e-bank-factoring.jp/,2社間・3社間,3,15,300000,50000000,1,True,True,False,オンライン完結|即日入金|個人事業主OK|全国対応|簡単手続き,対応が迅速|審査が柔軟|全国対応,知名度がやや低い|手数料は個別査定,4.3,22,2019,建設業|運送業|製造業|IT・Web|サービス業
ebis-holdings,エビスホールディングス,ファクタリング・資金調達を提供するホールディングス会社。,https://ebis-holdings.co.jp/,2社間・3社間,3,15,300000,50000000,1,True,True,False,即日入金可能|オンライン対応|個人事業主OK|全国対応|柔軟な審査,対応が迅速|審査が柔軟|全国対応,知名度がやや低い|手数料は個別査定,4.3,23,2018,建設業|運送業|製造業|IT・Web|サービス業
factbank,ファクトバンク,ファクタリングの比較・マッチングサービス。最適な会社を紹介。,https://factbank.jp/,2社間・3社間,2,15,300000,50000000,1,True,False,False,比較サービス|マッチング|複数社提案|無料相談|全国対応,対応が迅速|審査が柔軟|全国対応,知名度がやや低い|手数料は個別査定,4.3,24,2018,建設業|運送業|製造業|IT・Web|サービス業
fast-factoring,ファストファクタリング,スピード重視のファクタリング会社。最短即日入金。,https://fast-factoring.jp/,2社間・3社間,3,18,300000,50000000,1,True,True,False,最短即日|スピード審査|オンライン対応|個人事業主OK|全国対応,対応が迅速|審査が柔軟|全国対応,知名度がやや低い|手数料は個別査定,4.3,25,2018,建設業|運送業|製造業|IT・Web|サービス業
growrize,グローライズ,ファクタリング・資金調達サービス。成長企業をサポート。,https://growrize.co.jp/,2社間・3社間,3,15,300000,50000000,1,True,True,False,即日入金可能|オンライン対応|個人事業主OK|全国対応|柔軟な審査,対応が迅速|審査が柔軟|全国対応,知名度がやや低い|手数料は個別査定,4.3,26,2018,建設業|運送業|製造業|IT・Web|サービス業
healthee-one,HealtheeOne,医療・ヘルスケア業界向けファクタリングサービス。,https://healthee-one.co.jp/,3社間,1,5,300000,50000000,3,True,False,False,医療業界特化|ヘルスケア対応|法人向け|全国対応|専門スタッフ,対応が迅速|審査が柔軟|全国対応,知名度がやや低い|手数料は個別査定,4.3,27,2018,医療・介護
i-service,iサービス,ファクタリングサービス。オンライン対応の資金調達。,https://i-service.co.jp/,2社間・3社間,3,15,300000,50000000,1,True,True,False,オンライン対応|即日入金|個人事業主OK|全国対応|柔軟な審査,対応が迅速|審査が柔軟|全国対応,知名度がやや低い|手数料は個別査定,4.3,28,2018,建設業|運送業|製造業|IT・Web|サービス業
ichifuku,一福,ファクタリングサービス。中小企業向け資金調達。,https://ichifuku.co.jp/,2社間・3社間,3,15,300000,50000000,1,True,True,False,即日入金可能|オンライン対応|個人事業主OK|全国対応|柔軟な審査,対応が迅速|審査が柔軟|全国対応,知名度がやや低い|手数料は個別査定,4.3,29,2018,建設業|運送業|製造業|IT・Web|サービス業
japan-trust,日本トラスト,法人向けファクタリング・資金調達サービス。信頼性の高い運営。,https://japan-trust.co.jp/,2社間・3社間,3,15,300000,50000000,1,True,True,False,即日入金可能|オンライン対応|個人事業主OK|全国対応|柔軟な審査,対応が迅速|審査が柔軟|全国対応,知名度がやや低い|手数料は個別査定,4.3,30,2018,建設業|運送業|製造業|IT・Web|サービス業
jsc-factoring,JSC,ファクタリング・資金調達サービス。法人向け。,https://jsc-factoring.jp/,2社間・3社間,3,15,300000,50000000,1,True,True,False,即日入金可能|オンライン対応|個人事業主OK|全国対応|柔軟な審査,対応が迅速|審査が柔軟|全国対応,知名度がやや低い|手数料は個別査定,4.3,31,2018,建設業|運送業|製造業|IT・Web|サービス業
k-support,Kサポート,ファクタリング・資金調達のサポートサービス。,https://k-support.co.jp/,2社間・3社間,3,15,300000,50000000,1,True,True,False,即日入金可能|オンライン対応|個人事業主OK|全国対応|柔軟な審査,対応が迅速|審査が柔軟|全国対応,知名度がやや低い|手数料は個別査定,4.3,32,2018,建設業|運送業|製造業|IT・Web|サービス業
kosei,コーセイ,ファクタリング・資金調達サービス。,https://kosei-factoring.jp/,2社間・3社間,3,15,300000,50000000,1,True,True,False,即日入金可能|オンライン対応|個人事業主OK|全国対応|柔軟な審査,対応が迅速|審査が柔軟|全国対応,知名度がやや低い|手数料は個別査定,4.3,33,2018,建設業|運送業|製造業|IT・Web|サービス業
kyushu-factor,九州ファクター,九州拠点のファクタリング会社。九州地域に密着。,https://kyushu-factor.jp/,2社間・3社間,3,15,300000,50000000,1,True,True,False,九州拠点|地域密着|即日入金|個人事業主OK|対面相談可,対応が迅速|審査が柔軟|全国対応,知名度がやや低い|手数料は個別査定,4.3,34,2018,建設業|運送業|製造業|農業|サービス業
localworks-payment,ローカルワークスペイメント,地域密着型のファクタリングサービス。建設業界に強い。,https://localworks-payment.jp/,2社間・3社間,3,15,300000,50000000,1,True,True,False,地域密着|建設業界に強い|即日入金|個人事業主OK|柔軟な審査,対応が迅速|審査が柔軟|全国対応,知名度がやや低い|手数料は個別査定,4.3,35,2018,建設業|運送業
make-move,メイク・ムーヴ,ファクタリングサービス。中小企業の資金調達をサポート。,https://make-move.co.jp/,2社間・3社間,3,15,300000,50000000,1,True,True,False,即日入金可能|オンライン対応|個人事業主OK|全国対応|柔軟な審査,対応が迅速|審査が柔軟|全国対応,知名度がやや低い|手数料は個別査定,4.3,36,2018,建設業|運送業|製造業|IT・Web|サービス業
meisei-enterprise,明成エンタープライズ,ファクタリング・資金調達サービス。中小企業向け。,https://meisei-enterprise.co.jp/,2社間・3社間,3,15,300000,50000000,1,True,True,False,即日入金可能|オンライン対応|個人事業主OK|全国対応|柔軟な審査,対応が迅速|審査が柔軟|全国対応,知名度がやや低い|手数料は個別査定,4.3,37,2018,建設業|運送業|製造業|IT・Web|サービス業
ms-quest,エムズクエスト,ファクタリング・資金調達コンサルティング。,https://ms-quest.co.jp/,2社間・3社間,3,15,300000,50000000,1,True,True,False,即日入金可能|オンライン対応|個人事業主OK|全国対応|柔軟な審査,対応が迅速|審査が柔軟|全国対応,知名度がやや低い|手数料は個別査定,4.3,38,2018,建設業|運送業|製造業|IT・Web|サービス業
ntt-tc-lease,NTT・TCリース,NTTグループのリース・ファクタリングサービス。,https://www.ntt-tc-lease.com/,3社間,0.5,5,10000000,50000000,5,False,False,False,NTTグループ|大手運営|法人向け|リース対応|全国対応,対応が迅速|審査が柔軟|全国対応,知名度がやや低い|手数料は個別査定,4.3,39,1985,建設業|運送業|製造業|IT・Web|サービス業
rearth,REARTH,ファクタリングサービス。リアースの資金調達。,https://rearth.co.jp/,2社間・3社間,3,15,300000,50000000,1,True,True,False,即日入金可能|オンライン対応|個人事業主OK|全国対応|柔軟な審査,対応が迅速|審査が柔軟|全国対応,知名度がやや低い|手数料は個別査定,4.3,40,2018,建設業|運送業|製造業|IT・Web|サービス業
rising,ライジング,ファクタリングサービス。中小企業の資金調達をサポート。,https://rising-factoring.jp/,2社間・3社間,3,15,300000,50000000,1,True,True,False,即日入金可能|オンライン対応|個人事業主OK|全国対応|柔軟な審査,対応が迅速|審査が柔軟|全国対応,知名度がやや低い|手数料は個別査定,4.3,41,2018,建設業|運送業|製造業|IT・Web|サービス業
ryfety,ライフティ,ファクタリングサービス。個人事業主・法人向け資金調達。,https://ryfety.co.jp/,2社間・3社間,3,15,300000,50000000,1,True,True,False,即日入金可能|オンライン対応|個人事業主OK|全国対応|柔軟な審査,対応が迅速|審査が柔軟|全国対応,知名度がやや低い|手数料は個別査定,4.3,42,2018,建設業|運送業|製造業|IT・Web|サービス業
s-com,S-COM,エスコムのファクタリングサービス。法人向け売掛金買取。,https://s-com.jp/,2社間・3社間,3,15,300000,50000000,1,True,True,False,即日入金可能|オンライン対応|個人事業主OK|全国対応|柔軟な審査,対応が迅速|審査が柔軟|全国対応,知名度がやや低い|手数料は個別査定,4.3,43,2018,建設業|運送業|製造業|IT・Web|サービス業
sfi-leasing,SFIリーシング,リース・ファクタリングサービス。法人向け資金調達。,https://www.sfil.co.jp/,3社間,1,8,300000,50000000,3,False,False,False,リース対応|ファクタリング|法人向け|全国対応|大口対応,対応が迅速|審査が柔軟|全国対応,知名度がやや低い|手数料は個別査定,4.3,44,2005,建設業|運送業|製造業|IT・Web|サービス業
shikin-plus,SHIKIN+,資金プラスのファクタリングサービス。中小企業・個人事業主の資金繰りを支援。,https://shikin-plus.jp/,2社間・3社間,3,15,300000,50000000,1,True,True,False,即日入金|個人事業主OK|オンライン対応|全国対応|少額対応,対応が迅速|審査が柔軟|全国対応,知名度がやや低い|手数料は個別査定,4.3,45,2018,建設業|運送業|製造業|IT・Web|サービス業
sinsia,シンシア,ファクタリング・資金調達サービス。真摯な対応。,https://sinsia.co.jp/,2社間・3社間,3,15,300000,50000000,1,True,True,False,即日入金可能|オンライン対応|個人事業主OK|全国対応|柔軟な審査,対応が迅速|審査が柔軟|全国対応,知名度がやや低い|手数料は個別査定,4.3,46,2018,建設業|運送業|製造業|IT・Web|サービス業
sk-service,SKサービス,ファクタリング・資金調達サービス。中小企業向け。,https://sk-service.co.jp/,2社間・3社間,3,15,300000,50000000,1,True,True,False,即日入金可能|オンライン対応|個人事業主OK|全国対応|柔軟な審査,対応が迅速|審査が柔軟|全国対応,知名度がやや低い|手数料は個別査定,4.3,47,2018,建設業|運送業|製造業|IT・Web|サービス業
smart-factor,スマートファクター,スマートなファクタリングサービス。オンラインで簡単手続き。,https://smartfactor.jp/,2社間・3社間,2,12,300000,50000000,1,True,True,False,オンライン完結|スマート審査|即日入金|個人事業主OK|全国対応,対応が迅速|審査が柔軟|全国対応,知名度がやや低い|手数料は個別査定,4.3,48,2020,建設業|運送業|製造業|IT・Web|サービス業
smfl,SMFL,三井住友ファイナンス＆リースのファクタリングサービス。,https://www.smfl.co.jp/,3社間,0.5,3,10000000,50000000,5,False,False,False,三井住友グループ|大手金融機関|法人向け|大口対応|リース対応,対応が迅速|審査が柔軟|全国対応,知名度がやや低い|手数料は個別査定,4.3,49,1963,建設業|運送業|製造業|IT・Web|サービス業
sokuderu,ソクデル,即日入金に特化したファクタリングサービス。スピード重視の資金調達。,https://sokuderu.jp/,2社間・3社間,3,18,300000,50000000,1,True,True,False,即日入金特化|スピード対応|個人事業主OK|全国対応|少額OK,対応が迅速|審査が柔軟|全国対応,知名度がやや低い|手数料は個別査定,4.3,50,2018,建設業|運送業|製造業|IT・Web|サービス業
sokula,SOKULA,ソクラのファクタリングサービス。迅速な審査と入金が特長。,https://sokula.jp/,2社間・3社間,2,15,300000,50000000,1,True,True,False,迅速な審査|即日入金|オンライン対応|個人事業主OK|全国対応,対応が迅速|審査が柔軟|全国対応,知名度がやや低い|手数料は個別査定,4.3,51,2018,建設業|運送業|製造業|IT・Web|サービス業
sowa-enterprise,創和エンタープライズ,ファクタリング・経営コンサルティング。中小企業向け。,https://sowa-enterprise.co.jp/,2社間・3社間,3,15,300000,50000000,1,True,False,False,経営コンサル|ファクタリング|中小企業向け|全国対応|柔軟な審査,対応が迅速|審査が柔軟|全国対応,知名度がやや低い|手数料は個別査定,4.3,52,2018,建設業|運送業|製造業|IT・Web|サービス業
taihei-fs,太平フィナンシャルサービス,ファクタリング・リースのファイナンスサービス。,https://www.taihei-fs.co.jp/,3社間,1,8,300000,50000000,3,True,False,False,リース対応|ファクタリング|法人向け|全国対応|安定経営,対応が迅速|審査が柔軟|全国対応,知名度がやや低い|手数料は個別査定,4.3,53,2000,建設業|運送業|製造業|IT・Web|サービス業
tomin-shinpan,トミンシンパン,東京・都民信販のファクタリングサービス。首都圏に強い。,https://www.tomin.co.jp/,2社間・3社間,3,15,300000,50000000,1,True,True,False,東京拠点|首都圏に強い|即日入金|個人事業主OK|対面相談可,対応が迅速|審査が柔軟|全国対応,知名度がやや低い|手数料は個別査定,4.3,54,2000,建設業|運送業|製造業|IT・Web|サービス業
tranzax,Tranzax,電子記録債権を活用したファクタリングサービス。,https://tranzax.co.jp/,3社間,1,5,300000,50000000,3,True,False,False,電子記録債権|テクノロジー活用|法人向け|全国対応|低手数料,対応が迅速|審査が柔軟|全国対応,知名度がやや低い|手数料は個別査定,4.3,55,2016,建設業|運送業|製造業|IT・Web|サービス業
trust-pay,トラストペイ,メディアプロが運営するトラストペイ。ファクタリングサービス。,https://trust-pay.jp/,2社間・3社間,3,15,300000,50000000,1,True,True,False,即日入金可能|オンライン対応|個人事業主OK|全国対応|柔軟な審査,対応が迅速|審査が柔軟|全国対応,知名度がやや低い|手数料は個別査定,4.3,56,2018,建設業|運送業|製造業|IT・Web|サービス業
unity-factoring,UNITY,ファクタリングサービス。法人・個人事業主対応。,https://unity-factoring.jp/,2社間・3社間,3,15,300000,50000000,1,True,True,False,即日入金可能|オンライン対応|個人事業主OK|全国対応|柔軟な審査,対応が迅速|審査が柔軟|全国対応,知名度がやや低い|手数料は個別査定,4.3,57,2018,建設業|運送業|製造業|IT・Web|サービス業
zen-confiance,善コンフィアンス,ファクタリングサービス。中小企業向け資金調達。,https://zen-confiance.co.jp/,2社間・3社間,3,15,300000,50000000,1,True,True,False,即日入金可能|オンライン対応|個人事業主OK|全国対応|柔軟な審査,対応が迅速|審査が柔軟|全国対応,知名度がやや低い|手数料は個別査定,4.3,58,2018,建設業|運送業|製造業|IT・Web|サービス業
zerofac,ZEROファク,手数料の低さが特長のファクタリングサービス。,https://zerofac.jp/,2社間・3社間,1,10,300000,50000000,1,True,True,False,低手数料|即日入金|オンライン対応|個人事業主OK|全国対応,対応が迅速|審査が柔軟|全国対応,知名度がやや低い|手数料は個別査定,4.3,59,2018,建設業|運送業|製造業|IT・Web|サービス業
next-one,ネクストワン,建設業・医療業界に特化したファクタリング会社。業界特有の支払いサイトの長さや売掛金の特性を熟知しており、専門性の高い審査と柔軟な対応が強みです。,https://px.a8.net/svt/ejp?a8mat=4AX1OL+BRB7W2+4OCU+5ZMCH,2社間・3社間,1.5,10,300000,50000000,1,False,False,False,建設・医療業界特化|診療報酬ファクタリング対応|業界専門スタッフ在籍|即日入金可能|出張対応あり,建設・医療業界への深い理解と柔軟な審査|診療報酬債権にも対応|出張面談で地方企業にも対応,対応業界以外の審査はやや時間がかかる|オンライン完結に対応していない,4.0,60,2019,建設業|医療・介護|調剤薬局|歯科|土木業
3s-factoring,3S,スリーエスのファクタリングサービス。少額から大口まで対応。,https://px.a8.net/svt/ejp?a8mat=4AX1OL+BPIX2Q+5QRM+5YJRM,2社間・3社間,2,19,300000,50000000,1,True,True,False,即日入金可能|オンライン対応|個人事業主OK|全国対応|柔軟な審査,対応が迅速|審査が柔軟|全国対応,知名度がやや低い|手数料は個別査定,4.0,61,2018,建設業|運送業|製造業|IT・Web|サービス業
act-will,アクト・ウィル,最高1億円までの大口ファクタリングに対応。審査通過率90%以上、最短即日で入金可能。,https://px.a8.net/svt/ejp?a8mat=4AX1OL+BIDPTE+5KPA+BWVTE,2社間・3社間,10,20,300000,100000000,1,False,False,False,最高1億円対応|審査通過率90%以上|即日入金可能|大口案件に強い|全国出張対応,大口の資金調達に対応|審査通過率が高い|全国出張対応で地方でも安心,オンライン完結に非対応|少額案件には不向き,4.0,62,2017,建設業|運送業|製造業|不動産業|卸売業
ennavi,えんナビ,24時間365日スタッフ対応。最短1日で資金化可能、少額から売掛債権の買取に対応。,https://px.a8.net/svt/ejp?a8mat=4AX0WK+FOEY9E+44CA+61C2P,2社間・3社間,5,20,300000,50000000,1,True,True,False,24時間365日対応|最短1日入金|全国対応|オンライン完結|秘密厳守,24時間いつでも相談できる|全国どこからでも利用可能|秘密厳守で安心,手数料がやや高め|即日ではなく翌日になる場合も,4.0,63,2017,建設業|運送業|製造業|小売業|サービス業
factorplan,ファクタープラン,「会わずに、迷わず、すぐ進む」がコンセプト。最短4時間で資金化、調達成功率95.2%。,https://px.a8.net/svt/ejp?a8mat=4AX5KD+A079RM+5RC6+5YJRM,2社間,3,18,100000,50000000,1,True,True,False,最短4時間で資金化|調達成功率95.2%|スマホで完結|全国対応|リピート率92.7%,スマホだけで申込から契約まで完結|調達成功率が非常に高い|チャットで進捗確認可能,2社間ファクタリングのみ|手数料がやや高めの場合がある,4.0,64,2019,建設業|IT・Web|広告・メディア|運送業|製造業
japan-management,ジャパンマネジメント,東京・福岡の2拠点で全国対応。2社間・3社間両対応、24時間相談受付で最短即日審査完了。,https://px.a8.net/svt/ejp?a8mat=4AX1ON+BN56NM+3V6A+5YJRM,2社間・3社間,3,20,500000,50000000,1,False,False,True,東京・福岡2拠点|24時間相談対応|全国出張可能|3社間で手数料優遇|即日審査完了,24時間いつでも相談できる|2拠点で広いエリアをカバー|対面での丁寧なサポート,オンライン完結ではない|手数料の上限がやや高め,4.0,65,2016,建設業|運送業|製造業|医療・介護|飲食業
mufg-factor,三菱UFJファクター,三菱UFJフィナンシャル・グループの大手ファクタリング会社。大企業・中堅企業向けの信頼性の高いサービス。,https://www.mufg-factor.jp/,3社間,1,5,10000000,50000000,7,False,False,False,三菱UFJグループ|大企業向け|国際ファクタリング|一括ファクタリング|でんさい対応,日本最大級の金融グループの信頼性|手数料が非常に低い|多様なファクタリングサービス,中小企業・個人事業主には不向き|審査・入金に時間がかかる,4.0,66,1977,製造業|卸売業|商社|大企業
trust-gateway,トラストゲートウェイ,福岡拠点のファクタリング会社。審査通過率95%以上、クラウド契約で来店不要。医療系にも対応。,https://px.a8.net/svt/ejp?a8mat=4AX5KD+A0SPDE+3RD2+5YJRM,2社間・3社間,1.5,9.5,100000,30000000,1,True,True,False,審査通過率95%以上|クラウド契約対応|医療系対応|福岡拠点|全国対応,審査通過率が非常に高い|クラウド契約で来店不要|医療系の売掛金にも対応,福岡以外の対面は難しい|手数料の上限がやや高め,4.0,67,2018,医療・介護|建設業|運送業|製造業|サービス業
accel-factor,アクセルファクター,業界トップクラスのスピード対応が強み。最短2時間での入金実績があり、急ぎの資金調達に最適なファクタリング会社です。少額から利用可能で、中小企業・個人事業主に幅広く対応。,https://accelfacter.co.jp/,2社間・3社間,2,20,300000,100000000,1,True,False,False,最短2時間入金|審査通過率93%以上|少額30万円から対応|オンライン完結|全国対応,業界最速クラスの入金スピード|少額債権でも柔軟に対応|審査通過率が非常に高い,手数料が他社よりやや高めになる場合がある|電話対応が混み合うことがある,3.9,68,2018,建設業|運送業|製造業|小売業|サービス業
pay-today,PayToday（ペイトゥデイ）,AI審査で最短30分入金。手数料1%〜と業界最安水準を実現するオンラインファクタリングサービス。,https://paytoday.jp/,2社間,1,9.5,300000,50000000,1,True,False,False,最短30分入金|手数料1%〜|AI審査|完全オンライン|少額OK,手数料が1%〜と非常に安い|最短30分での入金実績|少額から利用可能,新しいサービスで実績が少ない|電話サポートが限定的,3.9,69,2021,IT・Web|小売業|飲食業|広告・メディア
chusho-support,日本中小企業金融サポート機構,一般社団法人運営の安心感。手数料1.5%～10%で非営利ならではの低コスト。,https://chushokigyo-support.or.jp/,2社間・3社間,1.5,10,10000,50000000,1,True,False,False,一般社団法人運営|手数料1.5%〜|金額制限なし|オンライン完結|経営サポート付き,非営利法人で信頼性が高い|低手数料|経営改善のアドバイスも受けられる,知名度がやや低い|土日祝は対応不可,3.9,70,2017,建設業|運送業|製造業|医療・介護|小売業
anew,anew,OLTAと新生銀行（SBI新生銀行）の共同出資で設立されたファクタリング会社。フィンテック企業と銀行の強みを融合し、低手数料かつ信頼性の高いサービスを提供しています。,https://anew-factoring.jp/,2社間,2,9,500000,50000000,2,True,False,False,OLTA×新生銀行共同出資|AI審査で低手数料|銀行グループの信頼性|オンライン完結|秘密厳守,銀行系の信頼性と透明性|AI審査により手数料が低く抑えられる|オンラインで手続きが完結,審査がやや厳格で通過しない場合もある|即日入金は原則非対応,3.9,71,2020,IT・Web|製造業|卸売業|サービス業|広告業
mf-early-payment,マネーフォワード アーリーペイメント,マネーフォワードグループ運営。法人専門ファクタリングで即日入金可能。,https://mfkessai.co.jp/ep/top,2社間,1,10,500000,50000000,1,True,False,False,マネーフォワードグループ|法人専門|即日入金可能|債権譲渡登記不要|オンライン完結,上場グループの安心感|登記不要で取引先に知られない|即日入金,法人専門で個人事業主不可|比較的新しいサービス,3.9,72,2017,IT・Web|製造業|サービス業|卸売業|広告業
accretive,アクリーティブ,東証プライム上場・芙蓉リースグループ。医療・介護報酬ファクタリングに強い。,https://www.accretive.jp/,3社間,0.25,5,1000000,50000000,5,False,False,False,東証プライム上場|医療・介護特化|年間取扱2000億円超|手数料月0.25%〜|全国47都道府県対応,上場企業の信頼性|医療・介護に強い|手数料が非常に安い,3社間のみ|入金まで日数がかかる,4.0,73,2000,医療・介護|調剤薬局|歯科|病院|介護施設
active-support,アクティブサポート,中小企業の資金繰りを積極的にサポートするファクタリング会社。柔軟な審査が特長。,https://px.a8.net/svt/ejp?a8mat=4AX5KD+9R9ROY+4JGG+60OXD,2社間・3社間,2,14.8,300000,50000000,1,True,True,False,即日入金可能|オンライン対応|個人事業主OK|全国対応|柔軟な審査,対応が迅速|審査が柔軟|全国対応,知名度がやや低い|手数料は個別査定,4.0,74,2018,建設業|運送業|製造業|IT・Web|サービス業
axia-plus,アクシアプラス,ファクタリング・資金調達サポート。,https://px.a8.net/svt/ejp?a8mat=4AX5KD+9VFSXE+4HV8+BXQOH,2社間・3社間,4,9,300000,50000000,1,True,True,True,即日入金可能|オンライン対応|個人事業主OK|全国対応|柔軟な審査,対応が迅速|審査が柔軟|全国対応,知名度がやや低い|手数料は個別査定,4.0,75,2018,建設業|運送業|製造業|IT・Web|サービス業
bitresy,ビートレーディング,累計取引実績5万件以上を誇る業界の老舗ファクタリング会社。豊富な実績とノウハウで、幅広い業種・規模の企業に対応。安定したサービス品質が信頼されています。,https://betrading.jp/,2社間・3社間,2,12,500000,300000000,2,True,False,False,累計取引5万件超|最大3億円対応|全国5拠点|オンライン完結|専任担当者制,業界トップクラスの取引実績で安心|少額から大口まで幅広く対応|全国に拠点があり対面相談も可能,即日入金は条件による|手数料は案件ごとに変動が大きい,4.0,76,2012,建設業|運送業|製造業|医療・介護|人材派遣業
factoring-try,ファクタリングのTRY,"ノンリコース契約で売掛先倒産リスクなし。10万円〜5,000万円以上、24時間365日電話受付。",https://px.a8.net/svt/ejp?a8mat=4AX1ON+BGLF02+50EQ+609HT,2社間,3,20,100000,50000000,1,True,True,False,ノンリコース契約|24時間電話受付|税金滞納中でもOK|LINE申込対応|乗り換え手数料優遇,24時間365日電話対応で安心|税金滞納中でも契約可能|乗り換え時に手数料優遇あり,手数料の上限がやや高い|オンライン審査の精度は他社に劣る場合も,4.0,77,2018,建設業|運送業|製造業|小売業|サービス業
factoru,FACTOR⁺U（ファクトル）,日本中小企業金融サポート機構運営のAIファクタリング。手数料1.5%～、最短40分入金。,https://chushokigyo-support.or.jp/factoru/,2社間,1.5,10,10000,50000000,1,True,False,False,AI審査|最短40分入金|手数料1.5%〜|非営利法人運営|必要書類2点のみ,非営利法人の安心感|最短40分の超スピード|必要書類が少ない,知名度がまだ低い|2者間のみ,4.0,78,2017,建設業|運送業|製造業|IT・Web|医療・介護
jps-factoring,JPS,法人向けファクタリングサービス。売掛金の買取を通じた中小企業の資金繰り支援を行う。,https://px.a8.net/svt/ejp?a8mat=4AX1ON+BKRG8I+5RPI+60H7L,2社間・3社間,2,10,500000,50000000,2,False,True,False,法人向け|2社間・3社間対応|全国対応|対面相談|経営相談対応,2社間・3社間の選択が可能|対面で丁寧なサポート|経営相談にも対応,オンライン完結に非対応|入金まで2日程度かかる,4.0,79,2016,建設業|製造業|運送業|卸売業
sbi-factoring,SBI入金QUICK,SBIグループ運営のファクタリング。手数料0.5%～の業界最安水準。,https://www.sbi-efinance.co.jp/,2社間,0.5,3.8,100000,50000000,2,True,False,False,手数料0.5%〜|SBIグループ運営|オンライン完結|法人向け|請求QUICKと連携,業界最安水準の手数料|SBIグループの安心感|請求書管理と一体化,法人限定|最短2営業日,4.0,80,2015,IT・Web|製造業|卸売業|サービス業|建設業
urikakedo,うりかけ堂,低手数料とスピーディーな入金が特徴。最短2時間で資金化、全国対応のオンラインファクタリング。,https://px.a8.net/svt/ejp?a8mat=4AX1OL+BOXHGY+4S8A+5YJRM,2社間・3社間,2,12,300000,50000000,1,True,True,False,最短2時間入金|低手数料|全国対応|3社間対応|個人事業主OK,手数料が低く抑えられる|入金スピードが速い|3社間でさらに手数料を抑えられる,知名度がまだ低い|大口案件の対応は要相談,4.0,81,2019,建設業|運送業|製造業|小売業|サービス業
urikakekin-pay,売掛金PAY JBL,JBLが提供する売掛金買取サービス。法人・個人事業主対応。,https://px.a8.net/svt/ejp?a8mat=4AX1OL+BK60MQ+4V1O+5ZEMQ,2社間・3社間,3,15,300000,50000000,1,True,True,False,売掛金買取|法人対応|個人事業主OK|全国対応|柔軟な審査,対応が迅速|審査が柔軟|全国対応,知名度がやや低い|手数料は個別査定,4.0,82,2018,建設業|運送業|製造業|IT・Web|サービス業
gmo-btob,GMO BtoB早払い,GMOペイメントゲートウェイ運営。注文書・請求書の両方を買取可能。,https://www.gmo-pg.com/lpc/hayabarai/,2社間,1,12,1000000,1000000000,2,True,False,False,東証プライム上場企業運営|注文書買取対応|手数料1%〜|オンライン完結|法人専用,上場企業の信頼性|注文書段階から買取可能|大口取引にも対応,法人のみ対応（個人事業主不可）|最短2営業日とやや遅め,3.9,83,1995,製造業|IT・Web|卸売業|建設業|運送業
mentor-capital,メンターキャピタル,最大1億円までの大口ファクタリングに対応。中堅〜大企業の大型債権の買取に強みを持ち、経験豊富な専任担当者がサポートします。,https://mentor-capital.jp/,2社間・3社間,2,15,1000000,100000000,2,False,False,False,最大1億円対応|専任担当者制|大口案件に強い|3社間で手数料優遇|法人向けサービス充実,大口債権にも柔軟に対応可能|専任担当者による手厚いサポート|3社間利用で手数料を抑えられる,少額案件には対応していない|オンライン完結には非対応で面談が必要,3.9,84,2016,建設業|製造業|卸売業|不動産業|人材派遣業
pmg,PMG,ピーエムジー株式会社が運営。月間取扱件数500件以上、新規契約率98%の業界トップクラスの実績。,https://p-m-g.tokyo/,2社間・3社間,2,15,500000,200000000,1,True,False,False,月間500件以上の取扱|新規契約率98%|最大2億円対応|オンライン完結|全国対応,圧倒的な取扱実績で安心|大口案件にも対応可能|新規契約率が非常に高い,少額案件は優先度が下がる場合あり|手数料は案件による,3.9,85,2015,建設業|運送業|製造業|医療・介護|人材派遣
jtc,JTC,入金前払いシステムを提供するファクタリング会社。売掛金を入金日より前に前払い。名古屋・大阪に拠点。,https://j-t-c.info/,2社間・3社間,2,10,1000000,100000000,1,False,False,False,入金前払いシステム|名古屋・大阪拠点|1億円まで対応|対面相談可能|経営コンサル対応,手数料が比較的低い|対面で丁寧に相談できる|大口案件にも対応,オンライン完結ではない|東京に拠点がない,3.8,86,2013,建設業|製造業|運送業|卸売業|医療・介護
mizuho-factor,みずほファクター,みずほフィナンシャルグループの信頼性。大企業向けの3社間ファクタリングを中心に展開する老舗。,https://www.mizuho-factor.co.jp/,3社間,1,5,10000000,50000000,7,False,False,False,みずほグループ|大企業向け|3社間専門|低手数料|国際ファクタリング対応,メガバンクグループの圧倒的な信頼性|手数料が非常に低い|国際ファクタリングにも対応,中小企業・個人事業主は利用が難しい|入金まで時間がかかる,3.8,87,1977,製造業|卸売業|商社|大企業
orix-factoring,オリックス,大手総合金融グループのファクタリング。安定した資金力と全国ネットワーク。,https://www.orix.co.jp/grp/,3社間,1,5,5000000,50000000,5,False,False,False,大手金融グループ|安定した資金力|全国対応|法人向け|大口取引対応,大手の信頼性|大口取引にも対応|全国ネットワーク,3社間のみ|個人事業主不可|審査に時間がかかる,3.8,88,1964,製造業|建設業|不動産業|卸売業|運送業
otti,OTTI（オッティ）,個人事業主から法人まで対応。最短即日入金、30万円から利用可能。,https://otti.jp/,2社間・3社間,5,20,300000,50000000,1,True,True,False,最短即日入金|30万円から対応|個人事業主OK|全国対応|オンライン対応,少額から利用可能|個人事業主も対応|即日入金可能,手数料上限が高め|手数料上限非公開,3.8,89,2017,建設業|運送業|IT・Web|小売業|飲食業
quartett,QuQuMo（ククモ）,最短2時間で入金可能なスピード特化型ファクタリング。手続きもシンプルでオンライン完結。,https://ququmo.net/,2社間,1,14.8,300000,50000000,1,True,True,False,最短2時間入金|オンライン完結|必要書類が少ない|個人事業主OK|法人専用プランあり,入金スピードが非常に速い|必要書類が少なく手軽|手数料が比較的安い,手数料の上限がやや高め|3社間ファクタリングに非対応,3.8,90,2020,建設業|運送業|製造業|小売業
chatwork-sakibarai,Chatwork先払い,Chatworkが提供する先払いサービス。請求書の早期資金化。,https://go.chatwork.com/ja/early-payment/,2社間・3社間,1,10,300000,50000000,1,True,False,False,Chatwork連携|オンライン完結|請求書買取|法人向け|テクノロジー活用,対応が迅速|審査が柔軟|全国対応,知名度がやや低い|手数料は個別査定,3.7,91,2020,建設業|運送業|製造業|IT・Web|サービス業
saison-invoice,SAISON INVOICE,セゾンが提供するインボイスファクタリング。大手の安心感。,https://www.saisoninvoice.com/,2社間・3社間,1,8,300000,50000000,2,True,False,False,セゾングループ|大手運営|法人向け|オンライン対応|全国対応,対応が迅速|審査が柔軟|全国対応,知名度がやや低い|手数料は個別査定,3.7,92,2019,建設業|運送業|製造業|IT・Web|サービス業
smbc-fs,SMBCファイナンスサービス,三井住友銀行グループのファイナンスサービス。ファクタリング対応。,https://www.smbc-fs.co.jp/,3社間,0.5,3,10000000,50000000,5,False,False,False,三井住友グループ|大手金融機関|低手数料|法人向け|大口対応,対応が迅速|審査が柔軟|全国対応,知名度がやや低い|手数料は個別査定,3.7,93,1988,建設業|運送業|製造業|IT・Web|サービス業
ag-business,AGビジネスサポート,アイフルグループ運営の信頼性抜群のファクタリング。契約実績15万件以上、請求書1枚から申込可能。,https://www.ag-b.jp/,2社間・3社間,2,12,300000,50000000,1,True,False,False,アイフルグループ|契約実績15万件超|請求書1枚からOK|5秒診断あり|赤字決算でも対応,大手アイフルグループの安心感|請求書1枚から気軽に利用可能|赤字決算・債務超過でも対応,大手のため審査がやや厳格な場合も|手数料は案件による,3.7,94,2001,建設業|製造業|運送業|小売業|サービス業
alpharia,アルファリア,法人向けファクタリング。審査が柔軟で即日対応可能。,https://alpharia.co.jp/,2社間・3社間,3,15,300000,50000000,1,True,True,False,即日入金可能|オンライン対応|個人事業主OK|全国対応|柔軟な審査,対応が迅速|審査が柔軟|全国対応,知名度がやや低い|手数料は個別査定,3.7,95,2018,建設業|運送業|製造業|IT・Web|サービス業
anchor-guardian,アンカーガーディアン,九州・西日本エリア特化。3社間3%～、2社間5%～の低手数料。,https://anchorguardian.com/,2社間・3社間,3,15,300000,50000000,1,True,False,False,西日本特化|3社間3%〜|2社間5%〜|最短即日|対面相談可,西日本エリアに強い|手数料が安い|即日対応可能,西日本限定|東日本は対面対応不可,3.7,96,2016,建設業|運送業|製造業|小売業|飲食業
denshi-hayabarai,電子請求書早払い,電子請求書の早払いサービス。オンライン完結のファクタリング。,https://hayabarai.jp/,2社間・3社間,1,8,300000,50000000,1,True,False,False,電子請求書対応|オンライン完結|即日入金|法人向け|テクノロジー活用,対応が迅速|審査が柔軟|全国対応,知名度がやや低い|手数料は個別査定,3.7,97,2020,建設業|運送業|製造業|IT・Web|サービス業
factor-com,ファクター.com,オンラインファクタリングサービス。,https://factor-com.jp/,2社間・3社間,2,12,300000,50000000,1,True,True,False,即日入金可能|オンライン対応|個人事業主OK|全国対応|柔軟な審査,対応が迅速|審査が柔軟|全国対応,知名度がやや低い|手数料は個別査定,3.7,98,2018,建設業|運送業|製造業|IT・Web|サービス業
ja-mitsui-lease,JA三井リース,JA系×三井系の大手リース会社。売掛債権・手形債権の買取に対応。,https://www.jamitsuilease.co.jp/,3社間,1,5,5000000,50000000,5,False,False,False,大手リース会社運営|売掛・手形両対応|農業分野にも強い|法人向け|全国対応,大手の安心感|農業・食品分野に強い|手形債権も対応,3社間のみ|個人事業主は不可|入金まで時間がかかる,3.7,99,2008,農業|食品|製造業|卸売業|運送業
japan-maison,日本中小企業金融サポート機構,一般社団法人が運営する非営利型のファクタリングサービス。営利目的ではないため手数料が低く抑えられ、中小企業の資金繰り改善を本格的に支援しています。,https://chushokigyo-support.or.jp/,2社間・3社間,1.5,10,500000,300000000,3,True,False,False,一般社団法人運営|非営利で手数料が低い|経営相談も対応|全国対応|資金繰りコンサル付き,非営利団体のため手数料が低い|資金調達だけでなく経営相談もできる|社団法人の信頼性・安心感,入金まで最短3日と時間がかかる|急ぎの資金調達には不向き,3.7,100,2017,建設業|製造業|運送業|医療・介護|小売業
jigyou-agent,事業資金エージェント,最短2時間で資金化可能なファクタリング会社。500万円以下は来店不要、1.5%〜の低手数料。,https://shikin-agent.com/,2社間・3社間,1.5,15,100000,200000000,1,True,False,False,最短2時間入金|500万円以下は来店不要|最大2億円対応|1.5%〜低手数料|リピート率90%以上,手数料1.5%〜と低い|最大2億円の大口にも対応|500万円以下はオンライン完結,500万円超は面談が必要|手数料の幅が広い,3.7,101,2014,建設業|運送業|製造業|IT・Web|医療・介護
kaipoke-early,カイポケ早期入金,エス・エム・エスが提供する介護事業者向けファクタリング。介護報酬の早期入金。,https://ads.kaipoke.biz/,3社間,0.8,3,300000,50000000,3,True,False,False,介護事業者特化|低手数料|介護報酬対応|大手運営|安心のサービス,対応が迅速|審査が柔軟|全国対応,知名度がやや低い|手数料は個別査定,3.7,102,2015,医療・介護
nec-capital,NECキャピタルソリューション,NECグループのファイナンスサービス。リース・ファクタリング。,https://www.necap.co.jp/,3社間,0.5,3,10000000,50000000,5,False,False,False,NECグループ|大手運営|法人向け|リース対応|全国対応,対応が迅速|審査が柔軟|全国対応,知名度がやや低い|手数料は個別査定,3.7,103,1978,建設業|運送業|製造業|IT・Web|サービス業
norikae-plus,のりかえPLUS,他社からの乗り換え専門ファクタリング。現在利用中の手数料より安くなることを保証するサービス。,https://norikae-plus.jp/,2社間,1,10,300000,50000000,1,True,False,False,乗り換え専門|手数料引き下げ保証|オンライン完結|即日入金|秘密厳守,他社より手数料が安くなることを保証|既にファクタリング利用中なら審査がスムーズ|即日入金対応,新規利用者は対象外|乗り換え元の情報提示が必要,3.7,104,2020,建設業|運送業|製造業|IT・Web|医療・介護
paybridge,PAYBRIDGE,ファクタリング・決済サービス。中小企業の資金調達に対応。,https://px.a8.net/svt/ejp?a8mat=4AX1OL+BQPSAA+3JLM+BWVTE,2社間・3社間,3,15,300000,50000000,1,True,True,False,即日入金可能|オンライン対応|個人事業主OK|全国対応|柔軟な審査,対応が迅速|審査が柔軟|全国対応,知名度がやや低い|手数料は個別査定,3.7,105,2018,建設業|運送業|製造業|IT・Web|サービス業
showa-lease,昭和リース,SBIグループの大手リース会社。売掛債権ファクタリングを提供。,https://www.s-lease.com/,3社間,1,5,5000000,50000000,5,False,False,False,SBIグループ|大手リース会社|法人向け|大口対応|全国対応,大手の安心感|手数料が安い,3社間のみ|個人事業主不可|入金まで時間がかかる,3.7,106,1969,製造業|建設業|不動産業|卸売業|運送業
sokumu,SoKuMo（ソクモ）,即日お見積りのオンラインファクタリング。手数料1%〜、最短即日で入金。シンプルな手続きが特徴。,https://sokumu.jp/,2社間,1,15,100000,50000000,1,True,False,False,手数料1%〜|即日見積もり|オンライン完結|シンプル手続き|全国対応,手数料が1%〜と低い|即日で見積もりが出る|オンラインで手軽に利用可能,知名度がまだ低い|実績が少なめ,3.7,107,2021,IT・Web|建設業|製造業|小売業
soreiyu,ソレイユ,手数料1%～、最短30分で資金化。審査通過率90%の柔軟な対応。,https://solejapan.com/,2社間・3社間,1,15,100000,50000000,1,True,True,False,最短30分審査|手数料1%〜|審査通過率90%|オンライン完結|個人事業主OK,審査が柔軟|手数料が安い|スピード対応,手数料上限がやや高い|知名度がやや低い,3.7,108,2018,建設業|運送業|IT・Web|小売業|飲食業
tokyo-century,東京センチュリー,伊藤忠・みずほグループのリース・ファクタリング。大手の安心感。,https://www.tokyocentury.co.jp/,3社間,0.5,3,10000000,50000000,5,False,False,False,伊藤忠・みずほグループ|大手金融機関|法人向け|リース対応|全国対応,対応が迅速|審査が柔軟|全国対応,知名度がやや低い|手数料は個別査定,3.7,109,1969,建設業|運送業|製造業|IT・Web|サービス業
tokyo-spc,東京SPCマネジメント,流動化・証券化の専門会社。診療・介護報酬ファクタリングにも対応。,https://tokyo-spc.com/,2社間・3社間,3,15,1000000,50000000,3,False,False,False,証券化の専門家|診療報酬対応|介護報酬対応|自社出資100%|法人向け,証券化のプロ|医療・介護にも対応|自社資金で安定,手数料非公開|個人事業主不可,3.7,110,1999,医療・介護|製造業|建設業|卸売業|不動産業
trusfort,トラストフォート,個人事業主・フリーランスに特化したファクタリングサービス。少額債権にも柔軟に対応し、初めての方でも安心して利用できるサポート体制が充実しています。,https://trusfort.jp/,2社間,3,18,100000,30000000,1,True,True,False,個人事業主特化|10万円から利用可能|初回サポート充実|オンライン完結|必要書類が少ない,個人事業主でも利用しやすい審査基準|少額10万円から対応可能|初めてでも安心の丁寧なサポート,法人向けの大口案件には不向き|3社間ファクタリングに非対応,3.6,111,2019,フリーランス|個人事業主|クリエイター|士業|飲食業
actbiz,アクトビズ,ファクタリング・資金調達サービス。中小企業向け。,https://actbiz.co.jp/,2社間・3社間,3,15,300000,50000000,1,True,True,False,即日入金可能|オンライン対応|個人事業主OK|全国対応|柔軟な審査,対応が迅速|審査が柔軟|全国対応,知名度がやや低い|手数料は個別査定,3.5,112,2018,建設業|運送業|製造業|IT・Web|サービス業
avantia,アバンティア,ファクタリングサービス。中小企業の資金調達をサポート。,https://avantia.co.jp/,2社間・3社間,3,15,300000,50000000,1,True,True,False,即日入金可能|オンライン対応|個人事業主OK|全国対応|柔軟な審査,対応が迅速|審査が柔軟|全国対応,知名度がやや低い|手数料は個別査定,3.5,113,2018,建設業|運送業|製造業|IT・Web|サービス業
buy-factor,BuyFactor,売掛金の買取に特化したファクタリングサービス。,https://buyfactor.jp/,2社間・3社間,3,15,300000,50000000,1,True,True,False,売掛金買取|即日入金|オンライン対応|個人事業主OK|全国対応,対応が迅速|審査が柔軟|全国対応,知名度がやや低い|手数料は個別査定,3.5,114,2018,建設業|運送業|製造業|IT・Web|サービス業
danbury,ダンバリコンサルティング,ファクタリング・コンサルティングサービス。,https://danbury.co.jp/,2社間・3社間,3,15,300000,50000000,1,True,True,False,即日入金可能|オンライン対応|個人事業主OK|全国対応|柔軟な審査,対応が迅速|審査が柔軟|全国対応,知名度がやや低い|手数料は個別査定,3.5,115,2018,建設業|運送業|製造業|IT・Web|サービス業
dm-company,D&Mカンパニー,ファクタリング・資金調達のコンサルティング会社。,https://dm-company.co.jp/,2社間・3社間,3,15,300000,50000000,1,True,True,False,即日入金可能|オンライン対応|個人事業主OK|全国対応|柔軟な審査,対応が迅速|審査が柔軟|全国対応,知名度がやや低い|手数料は個別査定,3.5,116,2018,建設業|運送業|製造業|IT・Web|サービス業
dmc-factoring,DMC,ファクタリング・事業資金サービス。,https://dmc-factoring.jp/,2社間・3社間,3,15,300000,50000000,1,True,True,False,即日入金可能|オンライン対応|個人事業主OK|全国対応|柔軟な審査,対応が迅速|審査が柔軟|全国対応,知名度がやや低い|手数料は個別査定,3.5,117,2018,建設業|運送業|製造業|IT・Web|サービス業
dokenkun,土建くん,建設業界専門のファクタリングサービス。工事代金の早期資金化に対応。,https://dokenkun.jp/,2社間・3社間,3,15,300000,50000000,1,True,True,False,建設業特化|即日入金|個人事業主OK|全国対応|工事代金対応,対応が迅速|審査が柔軟|全国対応,知名度がやや低い|手数料は個別査定,3.5,118,2019,建設業
easy-factor,Easy factor,イージーファクターのファクタリングサービス。簡単・手軽な資金調達。,https://easy-factor.jp/,2社間・3社間,2,14,300000,50000000,1,True,True,False,簡単手続き|即日入金|オンライン完結|個人事業主OK|全国対応,対応が迅速|審査が柔軟|全国対応,知名度がやや低い|手数料は個別査定,3.5,119,2020,建設業|運送業|製造業|IT・Web|サービス業
elnest,エルネスト,ファクタリングサービス。柔軟な審査と迅速な対応。,https://elnest.co.jp/,2社間・3社間,3,15,300000,50000000,1,True,True,False,即日入金可能|オンライン対応|個人事業主OK|全国対応|柔軟な審査,対応が迅速|審査が柔軟|全国対応,知名度がやや低い|手数料は個別査定,3.5,120,2018,建設業|運送業|製造業|IT・Web|サービス業
factoring-tokyo,ファクタリング東京,東京拠点のファクタリング会社。首都圏に強い。,https://factoring-tokyo.jp/,2社間・3社間,3,15,300000,50000000,1,True,True,False,東京拠点|首都圏に強い|即日入金|個人事業主OK|対面相談可,対応が迅速|審査が柔軟|全国対応,知名度がやや低い|手数料は個別査定,3.5,121,2018,建設業|運送業|製造業|IT・Web|サービス業
fortune-partners,フォーチューンパートナーズ,ファクタリング・資金調達のコンサルティング。,https://fortune-partners.jp/,2社間・3社間,3,15,300000,50000000,1,True,True,False,即日入金可能|オンライン対応|個人事業主OK|全国対応|柔軟な審査,対応が迅速|審査が柔軟|全国対応,知名度がやや低い|手数料は個別査定,3.5,122,2018,建設業|運送業|製造業|IT・Web|サービス業
fukuoka-bank-ep,福岡銀行アーリーペイメント,福岡銀行グループのファクタリングサービス。九州地域に強い。,https://www.fukuokabank.co.jp/,3社間,1,5,300000,50000000,3,True,False,False,福岡銀行グループ|九州に強い|法人向け|大手金融機関|安心のサービス,対応が迅速|審査が柔軟|全国対応,知名度がやや低い|手数料は個別査定,3.5,123,2018,建設業|運送業|製造業|サービス業|小売業
global-service,グローバルサービス,ファクタリング・資金調達サービス。中小企業向けの柔軟な対応。,https://global-service.co.jp/,2社間・3社間,3,15,300000,50000000,1,True,True,False,即日入金可能|オンライン対応|個人事業主OK|全国対応|柔軟な審査,対応が迅速|審査が柔軟|全国対応,知名度がやや低い|手数料は個別査定,3.5,124,2018,建設業|運送業|製造業|IT・Web|サービス業
gmmi,喜望大地,ファクタリングサービス。中小企業の成長を支援。,https://gmmi.co.jp/,2社間・3社間,3,15,300000,50000000,1,True,True,False,即日入金可能|オンライン対応|個人事業主OK|全国対応|柔軟な審査,対応が迅速|審査が柔軟|全国対応,知名度がやや低い|手数料は個別査定,3.5,125,2018,建設業|運送業|製造業|IT・Web|サービス業
life-factoring,ライフ,ファクタリングサービス。中小企業の資金繰り改善をサポート。,https://life-factoring.jp/,2社間・3社間,3,15,300000,50000000,1,True,True,False,即日入金可能|オンライン対応|個人事業主OK|全国対応|柔軟な審査,対応が迅速|審査が柔軟|全国対応,知名度がやや低い|手数料は個別査定,3.5,126,2018,建設業|運送業|製造業|IT・Web|サービス業
line-profect,ラインプロフェクト,ファクタリング・資金調達サービス。,https://line-profect.co.jp/,2社間・3社間,3,15,300000,50000000,1,True,True,False,即日入金可能|オンライン対応|個人事業主OK|全国対応|柔軟な審査,対応が迅速|審査が柔軟|全国対応,知名度がやや低い|手数料は個別査定,3.5,127,2018,建設業|運送業|製造業|IT・Web|サービス業
linx-japan,Linx Japan,法人向けファクタリング。スピーディな対応と柔軟な審査。,https://linx-japan.co.jp/,2社間・3社間,2,15,300000,50000000,1,True,True,False,即日入金可能|オンライン対応|個人事業主OK|全国対応|柔軟な審査,対応が迅速|審査が柔軟|全国対応,知名度がやや低い|手数料は個別査定,3.5,128,2018,建設業|運送業|製造業|IT・Web|サービス業
lucia,ルシア,ファクタリングサービス。柔軟な対応。,https://lucia-factoring.jp/,2社間・3社間,3,15,300000,50000000,1,True,True,False,即日入金可能|オンライン対応|個人事業主OK|全国対応|柔軟な審査,対応が迅速|審査が柔軟|全国対応,知名度がやや低い|手数料は個別査定,3.5,129,2018,建設業|運送業|製造業|IT・Web|サービス業
luxel-partner,ラクセルパートナー,ファクタリングサービス。中小企業の資金繰りをサポート。,https://luxel-partner.co.jp/,2社間・3社間,3,15,300000,50000000,1,True,True,False,即日入金可能|オンライン対応|個人事業主OK|全国対応|柔軟な審査,対応が迅速|審査が柔軟|全国対応,知名度がやや低い|手数料は個別査定,3.5,130,2018,建設業|運送業|製造業|IT・Web|サービス業
mainavy-factoring,マイナビファクタリング,マイナビ関連のファクタリングサービス。,https://mainavy.jp/,2社間・3社間,3,15,300000,50000000,1,True,True,False,即日入金可能|オンライン対応|個人事業主OK|全国対応|柔軟な審査,対応が迅速|審査が柔軟|全国対応,知名度がやや低い|手数料は個別査定,3.5,131,2018,建設業|運送業|製造業|IT・Web|サービス業
medley-fs,メドレーフィナンシャルサービス,医療・介護業界向けファイナンスサービス。診療報酬ファクタリング。,https://www.medley-fs.co.jp/,3社間,1,5,300000,50000000,3,True,False,False,医療業界特化|診療報酬対応|低手数料|法人向け|全国対応,対応が迅速|審査が柔軟|全国対応,知名度がやや低い|手数料は個別査定,3.5,132,2015,医療・介護
next-funding,NEXTFUNDING,ファクタリングサービス。次世代の資金調達を提供。,https://next-funding.jp/,2社間・3社間,3,15,300000,50000000,1,True,True,False,即日入金|オンライン対応|個人事業主OK|全国対応|柔軟な審査,対応が迅速|審査が柔軟|全国対応,知名度がやや低い|手数料は個別査定,3.5,133,2018,建設業|運送業|製造業|IT・Web|サービス業
next-style,ネクストスタイル,ファクタリングサービス。柔軟な審査と迅速な対応。,https://next-style.net/,2社間・3社間,3,15,300000,50000000,1,True,True,False,即日入金可能|オンライン対応|個人事業主OK|全国対応|柔軟な審査,対応が迅速|審査が柔軟|全国対応,知名度がやや低い|手数料は個別査定,3.5,134,2018,建設業|運送業|製造業|IT・Web|サービス業
nx-capital,NXキャピタル,日本通運グループのファイナンスサービス。物流業界に強い。,https://www.nx-capital.co.jp/,3社間,1,5,5000000,50000000,5,False,False,False,日本通運グループ|物流業界特化|法人向け|大口対応|全国対応,対応が迅速|審査が柔軟|全国対応,知名度がやや低い|手数料は個別査定,3.5,135,2000,建設業|運送業|製造業|IT・Web|サービス業
onfact,onfact,オンファクトのファクタリングサービス。オンラインで手軽に資金調達。,https://onfact.jp/,2社間・3社間,2,12,300000,50000000,1,True,True,False,オンライン完結|即日入金|個人事業主OK|全国対応|手軽な手続き,対応が迅速|審査が柔軟|全国対応,知名度がやや低い|手数料は個別査定,3.5,136,2020,建設業|運送業|製造業|IT・Web|サービス業
plus-line,プラスライン,ファクタリング・資金調達サービス。中小企業向け。,https://plus-line.co.jp/,2社間・3社間,3,15,300000,50000000,1,True,True,False,即日入金可能|オンライン対応|個人事業主OK|全国対応|柔軟な審査,対応が迅速|審査が柔軟|全国対応,知名度がやや低い|手数料は個別査定,3.5,137,2018,建設業|運送業|製造業|IT・Web|サービス業
progress-factoring,Progress,売掛金買取のファクタリングサービス。中小企業・個人事業主向け。,https://progress-factoring.jp/,2社間・3社間,3,15,300000,50000000,1,True,True,False,即日入金可能|オンライン対応|個人事業主OK|全国対応|柔軟な審査,対応が迅速|審査が柔軟|全国対応,知名度がやや低い|手数料は個別査定,3.5,138,2018,建設業|運送業|製造業|IT・Web|サービス業
prosper-consulting,プロスパーコンサルティング,資金調達コンサルティング＆ファクタリング。経営支援も提供。,https://prosper-consulting.jp/,2社間・3社間,3,15,300000,50000000,1,True,False,False,コンサルティング付き|即日入金|全国対応|法人・個人OK|経営支援,対応が迅速|審査が柔軟|全国対応,知名度がやや低い|手数料は個別査定,3.5,139,2018,建設業|運送業|製造業|IT・Web|サービス業
protect-one,プロテクト・ワン,ファクタリング・資金調達サービス。安心の対応。,https://protect-one.co.jp/,2社間・3社間,3,15,300000,50000000,1,True,True,False,即日入金可能|オンライン対応|個人事業主OK|全国対応|柔軟な審査,対応が迅速|審査が柔軟|全国対応,知名度がやや低い|手数料は個別査定,3.5,140,2018,建設業|運送業|製造業|IT・Web|サービス業
s-radikal,S-radikal,ファクタリングサービス。中小企業向け資金調達。,https://s-radikal.co.jp/,2社間・3社間,3,15,300000,50000000,1,True,True,False,即日入金可能|オンライン対応|個人事業主OK|全国対応|柔軟な審査,対応が迅速|審査が柔軟|全国対応,知名度がやや低い|手数料は個別査定,3.5,141,2018,建設業|運送業|製造業|IT・Web|サービス業
sanko-factoring,三鉱,ファクタリングサービス。法人向け資金調達。,https://sanko-factoring.jp/,2社間・3社間,3,15,300000,50000000,1,True,True,False,即日入金可能|オンライン対応|個人事業主OK|全国対応|柔軟な審査,対応が迅速|審査が柔軟|全国対応,知名度がやや低い|手数料は個別査定,3.5,142,2018,建設業|運送業|製造業|IT・Web|サービス業
seikyusho-pay,請求書買取Pay,請求書を買い取るファクタリングサービス。中小企業・フリーランス向け。,https://seikyusho-pay.jp/,2社間・3社間,3,15,300000,50000000,1,True,True,False,請求書買取|即日入金|個人事業主OK|フリーランス対応|全国対応,対応が迅速|審査が柔軟|全国対応,知名度がやや低い|手数料は個別査定,3.5,143,2018,建設業|運送業|製造業|IT・Web|サービス業
sokuji-online,即日オンラインファクタリング,即日・オンライン完結のファクタリングサービス。スピード重視。,https://sokuji-online.jp/,2社間・3社間,3,18,300000,50000000,1,True,True,False,即日入金|オンライン完結|スピード審査|個人事業主OK|全国対応,対応が迅速|審査が柔軟|全国対応,知名度がやや低い|手数料は個別査定,3.5,144,2018,建設業|運送業|製造業|IT・Web|サービス業
sts-factoring,STS,ファクタリングサービス。法人・個人事業主対応。,https://sts-factoring.jp/,2社間・3社間,3,15,300000,50000000,1,True,True,False,即日入金可能|オンライン対応|個人事業主OK|全国対応|柔軟な審査,対応が迅速|審査が柔軟|全国対応,知名度がやや低い|手数料は個別査定,3.5,145,2018,建設業|運送業|製造業|IT・Web|サービス業
supporter-bank,サポートバンク,中小企業の資金調達をサポートするファクタリング会社。,https://supporter-bank.jp/,2社間・3社間,3,15,300000,50000000,1,True,True,False,即日入金可能|オンライン対応|個人事業主OK|全国対応|柔軟な審査,対応が迅速|審査が柔軟|全国対応,知名度がやや低い|手数料は個別査定,3.5,146,2018,建設業|運送業|製造業|IT・Web|サービス業
terasu,Terasu,ファクタリングサービス。中小企業の資金繰りを照らす。,https://terasu-factoring.jp/,2社間・3社間,3,15,300000,50000000,1,True,True,False,即日入金可能|オンライン対応|個人事業主OK|全国対応|柔軟な審査,対応が迅速|審査が柔軟|全国対応,知名度がやや低い|手数料は個別査定,3.5,147,2018,建設業|運送業|製造業|IT・Web|サービス業
wadatumi,ワダツミ,ファクタリングサービス。中小企業の資金繰りを改善。,https://wadatumi.co.jp/,2社間・3社間,3,15,300000,50000000,1,True,True,False,即日入金可能|オンライン対応|個人事業主OK|全国対応|柔軟な審査,対応が迅速|審査が柔軟|全国対応,知名度がやや低い|手数料は個別査定,3.5,148,2018,建設業|運送業|製造業|IT・Web|サービス業
west-factoring,WEST,ファクタリングサービス。西日本を中心に対応。,https://west-factoring.jp/,2社間・3社間,3,15,300000,50000000,1,True,True,False,西日本中心|即日入金|個人事業主OK|全国対応|対面相談可,対応が迅速|審査が柔軟|全国対応,知名度がやや低い|手数料は個別査定,3.5,149,2018,建設業|運送業|製造業|IT・Web|サービス業
yamato-credit,ヤマトクレジットファイナンス,ヤマトグループのクレジット・ファクタリングサービス。,https://www.yamatocf.com/,3社間,1,5,300000,50000000,3,True,False,False,ヤマトグループ|大手運営|法人向け|安心のサービス|全国対応,対応が迅速|審査が柔軟|全国対応,知名度がやや低い|手数料は個別査定,3.5,150,2002,建設業|運送業|製造業|IT・Web|サービス業
ys-corporation,Y's Corporation,ファクタリングサービス。法人向け資金調達。,https://ys-corporation.co.jp/,2社間・3社間,3,15,300000,50000000,1,True,True,False,即日入金可能|オンライン対応|個人事業主OK|全国対応|柔軟な審査,対応が迅速|審査が柔軟|全国対応,知名度がやや低い|手数料は個別査定,3.5,151,2018,建設業|運送業|製造業|IT・Web|サービス業
zaizen-group,財全グループ,札幌拠点のファクタリング会社。北海道・東北に強い。,https://zaizen-group.co.jp/,2社間・3社間,3,15,300000,50000000,1,True,True,False,北海道に強い|即日入金|個人事業主OK|全国対応|対面相談可,対応が迅速|審査が柔軟|全国対応,知名度がやや低い|手数料は個別査定,3.5,152,2010,建設業|運送業|製造業|農業|飲食業
zist,ZIST,ファクタリングサービス。スピード審査と柔軟な対応。,https://zist.co.jp/,2社間・3社間,3,15,300000,50000000,1,True,True,False,即日入金可能|オンライン対応|個人事業主OK|全国対応|柔軟な審査,対応が迅速|審査が柔軟|全国対応,知名度がやや低い|手数料は個別査定,3.5,153,2018,建設業|運送業|製造業|IT・Web|サービス業
animo,ANIMO,ファクタリングサービス。,https://animo-factoring.jp/,2社間・3社間,3,15,300000,50000000,1,True,True,False,即日入金可能|オンライン対応|個人事業主OK|全国対応|柔軟な審査,対応が迅速|審査が柔軟|全国対応,知名度がやや低い|手数料は個別査定,3.3,154,2018,建設業|運送業|製造業|IT・Web|サービス業
archier,アルシエ,ファクタリングサービス。法人向け。,https://archier.co.jp/,2社間・3社間,3,15,300000,50000000,1,True,True,False,即日入金可能|オンライン対応|個人事業主OK|全国対応|柔軟な審査,対応が迅速|審査が柔軟|全国対応,知名度がやや低い|手数料は個別査定,3.3,155,2018,建設業|運送業|製造業|IT・Web|サービス業
aslead,アスリード,中小企業向けファクタリング会社。資金繰り改善をサポート。,https://aslead.co.jp/,2社間・3社間,3,15,300000,50000000,1,True,True,False,即日入金可能|オンライン対応|個人事業主OK|全国対応|柔軟な審査,対応が迅速|審査が柔軟|全国対応,知名度がやや低い|手数料は個別査定,3.3,156,2018,建設業|運送業|製造業|IT・Web|サービス業
atest-capital,エーテスキャピタル,中小企業向けファクタリングサービス。柔軟な審査が特長。,https://a-tc.jp/,2社間・3社間,3,15,300000,50000000,1,True,True,False,即日入金可能|オンライン対応|個人事業主OK|全国対応|柔軟な審査,対応が迅速|審査が柔軟|全国対応,知名度がやや低い|手数料は個別査定,3.3,157,2018,建設業|運送業|製造業|IT・Web|サービス業
belle-system,ベルシステム,ファクタリングサービス。法人向け資金調達。,https://belle-system.co.jp/,2社間・3社間,3,15,300000,50000000,1,True,True,False,即日入金可能|オンライン対応|個人事業主OK|全国対応|柔軟な審査,対応が迅速|審査が柔軟|全国対応,知名度がやや低い|手数料は個別査定,3.3,158,2018,建設業|運送業|製造業|IT・Web|サービス業
bestpay,ベストペイ（BESTPAY）,注文書ファクタリング専門。受注段階で資金化可能。手数料5%～。,https://best-pay.jp/,2社間,5,20,1000000,300000000,2,True,False,False,注文書ファクタリング専門|受注段階で資金化|手数料5%〜|最大3億円|オンライン完結,注文書段階で資金化可能|大口取引に対応|柔軟な審査,手数料が高め|最短翌営業日,3.3,159,2017,建設業|製造業|IT・Web|運送業|広告業
besus,Besus,オンラインファクタリングサービス。スピード重視の資金調達。,https://besus.jp/,2社間・3社間,2,15,300000,50000000,1,True,True,False,即日入金可能|オンライン対応|個人事業主OK|全国対応|柔軟な審査,対応が迅速|審査が柔軟|全国対応,知名度がやや低い|手数料は個別査定,3.3,160,2018,建設業|運送業|製造業|IT・Web|サービス業
bion,バイオン,AI審査で最短60分。手数料一律10%の明朗会計。オンライン完結。,https://bfrec.co.jp/,2社間,10,10,50000,50000000,1,True,False,False,AI審査|手数料一律10%|最短60分|5万円から対応|オンライン完結,手数料が明確で分かりやすい|少額から利用可能|AI審査で早い,手数料が一律10%で割高な場合も|2者間のみ,3.3,161,2020,IT・Web|小売業|サービス業|建設業|飲食業
biz-partner,BIZパートナー,中小企業向けファクタリング。柔軟な審査で即日対応。,https://biz-partner.jp/,2社間・3社間,3,15,300000,50000000,1,True,True,False,即日入金可能|オンライン対応|個人事業主OK|全国対応|柔軟な審査,対応が迅速|審査が柔軟|全国対応,知名度がやや低い|手数料は個別査定,3.3,162,2018,建設業|運送業|製造業|IT・Web|サービス業
business-assist,ビジネスアシスト,中小企業の資金調達を総合サポート。ファクタリング・融資に対応。,https://business-assist.co.jp/,2社間・3社間,3,15,300000,50000000,1,True,True,False,即日入金可能|オンライン対応|個人事業主OK|全国対応|柔軟な審査,対応が迅速|審査が柔軟|全国対応,知名度がやや低い|手数料は個別査定,3.3,163,2018,建設業|運送業|製造業|IT・Web|サービス業
business-fund,ビジネスファンド,ファクタリング・事業資金調達サービス。中小企業向け。,https://business-fund.co.jp/,2社間・3社間,3,15,300000,50000000,1,True,True,False,即日入金可能|オンライン対応|個人事業主OK|全国対応|柔軟な審査,対応が迅速|審査が柔軟|全国対応,知名度がやや低い|手数料は個別査定,3.3,164,2018,建設業|運送業|製造業|IT・Web|サービス業
cb-factor,シー・ビー・ファクター,中小企業の資金繰りを支援するファクタリング会社。,https://cb-factor.com/,2社間・3社間,3,15,300000,50000000,1,True,True,False,即日入金可能|オンライン対応|個人事業主OK|全国対応|柔軟な審査,対応が迅速|審査が柔軟|全国対応,知名度がやや低い|手数料は個別査定,3.3,165,2018,建設業|運送業|製造業|IT・Web|サービス業
cool-services,COOL SERVICES,オンライン完結のファクタリングサービス。,https://cool-services.co.jp/,2社間・3社間,2,12,300000,50000000,1,True,True,False,即日入金可能|オンライン対応|個人事業主OK|全国対応|柔軟な審査,対応が迅速|審査が柔軟|全国対応,知名度がやや低い|手数料は個別査定,3.3,166,2018,建設業|運送業|製造業|IT・Web|サービス業
crayfish,クレイリッシュ,手形割引・ファクタリングサービス。金融ノウハウを活かした対応。,https://crayfish.co.jp/,2社間・3社間,3,15,300000,50000000,1,True,False,False,手形割引対応|ファクタリング|即日入金|全国対応|柔軟な審査,対応が迅速|審査が柔軟|全国対応,知名度がやや低い|手数料は個別査定,3.3,167,2018,建設業|運送業|製造業|IT・Web|サービス業
cs-planning,シーエスプランニング,ファクタリング・事業資金調達サポート。,https://cs-planning.co.jp/,2社間・3社間,3,15,300000,50000000,1,True,True,False,即日入金可能|オンライン対応|個人事業主OK|全国対応|柔軟な審査,対応が迅速|審査が柔軟|全国対応,知名度がやや低い|手数料は個別査定,3.3,168,2018,建設業|運送業|製造業|IT・Web|サービス業
cuc-factoring,CUC,ファクタリングサービス。法人向けの資金調達。,https://cuc-factoring.jp/,2社間・3社間,3,15,300000,50000000,1,True,True,False,即日入金可能|オンライン対応|個人事業主OK|全国対応|柔軟な審査,対応が迅速|審査が柔軟|全国対応,知名度がやや低い|手数料は個別査定,3.3,169,2018,建設業|運送業|製造業|IT・Web|サービス業
denfac,電ふぁく,電子ファクタリングサービス。オンライン完結。,https://denfac.jp/,2社間・3社間,2,12,300000,50000000,1,True,True,False,電子対応|オンライン完結|即日入金|個人事業主OK|全国対応,対応が迅速|審査が柔軟|全国対応,知名度がやや低い|手数料は個別査定,3.3,170,2018,建設業|運送業|製造業|IT・Web|サービス業
efc-express,資金調達特急便EFC,EFCの資金調達特急便。即日ファクタリングに対応。,https://efc-express.jp/,2社間・3社間,3,18,300000,50000000,1,True,True,False,即日入金|スピード重視|個人事業主OK|全国対応|オンライン対応,対応が迅速|審査が柔軟|全国対応,知名度がやや低い|手数料は個別査定,3.3,171,2018,建設業|運送業|製造業|IT・Web|サービス業
enable-factoring,エネイブル,ファクタリング・事業資金サービス。,https://enable-factoring.jp/,2社間・3社間,3,15,300000,50000000,1,True,True,False,即日入金可能|オンライン対応|個人事業主OK|全国対応|柔軟な審査,対応が迅速|審査が柔軟|全国対応,知名度がやや低い|手数料は個別査定,3.3,172,2018,建設業|運送業|製造業|IT・Web|サービス業
f-style,F-style,ファクタリング・資金調達サービス。個人事業主から法人まで対応。,https://f-style-factoring.jp/,2社間・3社間,3,15,300000,50000000,1,True,True,False,即日入金可能|オンライン対応|個人事業主OK|全国対応|柔軟な審査,対応が迅速|審査が柔軟|全国対応,知名度がやや低い|手数料は個別査定,3.3,173,2018,建設業|運送業|製造業|IT・Web|サービス業
facnet,ファクネット,オンラインファクタリングサービス。手軽に資金調達。,https://facnet.co.jp/,2社間・3社間,2,12,300000,50000000,1,True,True,False,即日入金可能|オンライン対応|個人事業主OK|全国対応|柔軟な審査,対応が迅速|審査が柔軟|全国対応,知名度がやや低い|手数料は個別査定,3.3,174,2018,建設業|運送業|製造業|IT・Web|サービス業
factor-associates,ファクターアソシエイツ,ファクタリング専門会社。法人向け売掛金の買取サービス。,https://factor-associates.co.jp/,2社間・3社間,3,15,300000,50000000,1,True,True,False,即日入金可能|オンライン対応|個人事業主OK|全国対応|柔軟な審査,対応が迅速|審査が柔軟|全国対応,知名度がやや低い|手数料は個別査定,3.3,175,2018,建設業|運送業|製造業|IT・Web|サービス業
factoring-gold,ファクタリングゴールド,ファクタリング専門。ゴールドクラスのサービス品質。,https://factoring-gold.com/,2社間・3社間,3,15,300000,50000000,1,True,True,False,即日入金可能|オンライン対応|個人事業主OK|全国対応|柔軟な審査,対応が迅速|審査が柔軟|全国対応,知名度がやや低い|手数料は個別査定,3.3,176,2018,建設業|運送業|製造業|IT・Web|サービス業
factoring-japan,ファクタリングジャパン,2社間・3社間対応。50万円～最大3億円まで。最短即日入金。,https://factoring-japan.jp/,2社間・3社間,3,15,500000,300000000,1,True,False,False,最大3億円対応|即日入金可能|2社間・3社間対応|全国対応|電子契約対応,大口取引にも対応|即日入金可能|柔軟な対応,知名度が低め|手数料は要相談,3.3,177,2018,建設業|製造業|IT・Web|運送業|卸売業
factoring-north,ファクタリングノース,北海道拠点のファクタリング会社。地元密着の対応。,https://factoring-north.jp/,2社間・3社間,3,15,300000,50000000,1,True,True,False,北海道拠点|地域密着|即日入金|個人事業主OK|対面相談可,対応が迅速|審査が柔軟|全国対応,知名度がやや低い|手数料は個別査定,3.3,178,2018,建設業|運送業|農業|水産業|サービス業
factoring-pro,ファクタリングプロ,プロフェッショナルなファクタリングサービス。法人向け。,https://factoring-pro.jp/,2社間・3社間,2,15,300000,50000000,1,True,True,False,即日入金可能|オンライン対応|個人事業主OK|全国対応|柔軟な審査,対応が迅速|審査が柔軟|全国対応,知名度がやや低い|手数料は個別査定,3.3,179,2018,建設業|運送業|製造業|IT・Web|サービス業
factors,ファクターズ,ファクタリング専門会社。法人向け売掛金買取。,https://factors.co.jp/,2社間・3社間,3,15,300000,50000000,1,True,True,False,即日入金可能|オンライン対応|個人事業主OK|全国対応|柔軟な審査,対応が迅速|審査が柔軟|全国対応,知名度がやや低い|手数料は個別査定,3.3,180,2018,建設業|運送業|製造業|IT・Web|サービス業
faith-factoring,faith,ファクタリングサービス。中小企業の資金繰りをサポート。,https://faith-factoring.jp/,2社間・3社間,3,15,300000,50000000,1,True,True,False,即日入金可能|オンライン対応|個人事業主OK|全国対応|柔軟な審査,対応が迅速|審査が柔軟|全国対応,知名度がやや低い|手数料は個別査定,3.3,181,2018,建設業|運送業|製造業|IT・Web|サービス業
fakutarikun,ふぁくたりくん,手軽にファクタリングが利用できるサービス。個人事業主OK。,https://fakutarikun.jp/,2社間・3社間,3,18,300000,50000000,1,True,True,False,手軽に利用|個人事業主OK|即日入金|全国対応|オンライン対応,対応が迅速|審査が柔軟|全国対応,知名度がやや低い|手数料は個別査定,3.3,182,2018,建設業|運送業|製造業|IT・Web|サービス業
finding-labo,ファインディングラボ,ファクタリング会社の比較・検索サービス。最適な業者を見つける。,https://finding-labo.jp/,2社間・3社間,2,15,300000,50000000,1,True,True,False,比較サービス|無料相談|複数社提案|全国対応|個人事業主OK,対応が迅速|審査が柔軟|全国対応,知名度がやや低い|手数料は個別査定,3.3,183,2018,建設業|運送業|製造業|IT・Web|サービス業
finfin,FinFin,FinFinファクタリング。個人事業主・中小企業向けの資金調達サービス。,https://finfin-factoring.jp/,2社間・3社間,3,15,300000,50000000,1,True,True,False,個人事業主OK|即日入金|オンライン対応|全国対応|柔軟な審査,対応が迅速|審査が柔軟|全国対応,知名度がやや低い|手数料は個別査定,3.3,184,2018,建設業|運送業|製造業|IT・Web|サービス業
finto,Finto（フィント）,AI審査による最短翌日入金。手数料2%～9.5%。金額上限なし。,https://finto.jp/,2社間,2,9.5,10000,50000000,2,True,False,False,AI審査|手数料2%〜9.5%|金額制限なし|オンライン完結|カード後払いも対応,AI審査で手続きが早い|手数料上限が低い|金額制限なし,最短翌日と即日ではない|知名度がやや低い,3.3,185,2020,IT・Web|小売業|サービス業|製造業|広告業
fk-management,エフケーマネージメント,ファクタリング・資金調達の総合サービス。,https://fk-management.jp/,2社間・3社間,3,15,300000,50000000,1,True,True,False,即日入金可能|オンライン対応|個人事業主OK|全国対応|柔軟な審査,対応が迅速|審査が柔軟|全国対応,知名度がやや低い|手数料は個別査定,3.3,186,2018,建設業|運送業|製造業|IT・Web|サービス業
fps-medical,FPSメディカル,医療・介護業界向けファクタリング。診療報酬・介護報酬の早期資金化。,https://fps-medical.co.jp/,3社間,1,5,300000,50000000,3,True,False,False,医療業界特化|診療報酬対応|介護報酬対応|低手数料|全国対応,対応が迅速|審査が柔軟|全国対応,知名度がやや低い|手数料は個別査定,3.3,187,2010,医療・介護
fukuoka-factoring,ファクタリング福岡,創業20年の九州エリア特化ファクタリング。最短3時間で資金化。,https://fukuoka-factoring.com/,2社間・3社間,2,15,300000,50000000,1,True,True,False,創業20年の実績|九州特化|最短3時間|個人事業主OK|全国対応,九州の事業者に特化|長年の実績|スピード対応,九州以外は対面不可|手数料上限がやや高い,3.3,188,2004,建設業|運送業|製造業|飲食業|小売業
hamagin-finance,浜銀ファイナンス,横浜銀行グループのファクタリング。地域密着で神奈川・東京エリアに強い。,https://www.hamagin-finance.co.jp/,3社間,1,5,5000000,50000000,5,False,False,False,横浜銀行グループ|地域密着|法人向け|神奈川・東京に強い|安定した資金力,銀行グループの安心感|地域企業に強い,3社間のみ|エリアが限定的|個人事業主不可,3.3,189,1979,製造業|建設業|卸売業|小売業|サービス業
heartful-life,ハートフルライフ,ファクタリング・資金調達サービス。親身な対応が特長。,https://heartful-life.co.jp/,2社間・3社間,3,15,300000,50000000,1,True,True,False,親身な対応|即日入金|個人事業主OK|全国対応|柔軟な審査,対応が迅速|審査が柔軟|全国対応,知名度がやや低い|手数料は個別査定,3.3,190,2018,建設業|運送業|製造業|IT・Web|サービス業
invoice-pay,インボイスPay,スマートヘッジ運営。手数料2.5%～、最短即日入金。累計100億円超の買取実績。,https://invoice-pay.jp/,2社間,2.5,15,100000,50000000,1,True,False,False,最短即日入金|手数料2.5%〜|累計100億円超|債権譲渡登記不要|オンライン完結,手数料が安い|債権譲渡登記不要|スピーディ,比較的新しい会社|知名度が低め,3.3,191,2019,IT・Web|建設業|サービス業|小売業|製造業
j-cloud,ジェイクラウド,クラウド型ファクタリングサービス。オンライン完結で手軽。,https://j-cloud.co.jp/,2社間・3社間,2,12,300000,50000000,1,True,True,False,オンライン完結|クラウド型|即日入金|個人事業主OK|少額対応,対応が迅速|審査が柔軟|全国対応,知名度がやや低い|手数料は個別査定,3.3,192,2018,建設業|運送業|製造業|IT・Web|サービス業
japanfactor,ジャパンファクター,福岡・東京2拠点。手数料5%～、診療報酬債権にも対応。,https://japanfactor.jp/,2社間・3社間,5,20,100000,100000000,1,True,True,False,福岡・東京2拠点|手数料5%〜|診療報酬対応|最短即日|個人事業主OK,九州エリアに強い|診療報酬債権にも対応|即日入金可能,手数料上限がやや高め|大手と比べて規模が小さい,3.3,193,2015,建設業|医療・介護|運送業|小売業|製造業
jfs,ジャパン・ファイナンシャル・ソリューションズ,法人向けファクタリング。柔軟な審査と丁寧な対応が特長。,https://www.j-fs.co.jp/,2社間・3社間,3,15,300000,100000000,1,True,False,False,柔軟な審査|即日入金可能|全国対応|法人向け|丁寧なサポート,審査が柔軟|対応が丁寧|即日入金可能,知名度が低め|手数料は個別査定,3.3,194,2018,建設業|運送業|製造業|IT・Web|サービス業
kensetsu-keiei,建設経営サービス,建設業界特化のファクタリング。建設会社の資金繰りをサポート。,https://kensetsu-keiei.com/,2社間・3社間,3,15,300000,50000000,1,True,True,False,建設業特化|即日入金可能|全国対応|個人事業主OK|建設業界に詳しい,対応が迅速|審査が柔軟|全国対応,知名度がやや低い|手数料は個別査定,3.3,195,2015,建設業
kensetsu-pay,建設Pay,建設業界向けファクタリングサービス。工事代金の早期資金化に対応。,https://kensetsu-pay.jp/,2社間・3社間,3,15,300000,50000000,1,True,True,False,建設業特化|即日入金|個人事業主OK|全国対応|工事代金対応,対応が迅速|審査が柔軟|全国対応,知名度がやや低い|手数料は個別査定,3.3,196,2019,建設業
kensetsukun,けんせつくん,建設業界専門のファクタリングサービス。最短2時間で売掛金を現金化、スマホひとつで申込から契約まで完結。,https://kensetsukun.com/,2社間,5,20,100000,50000000,1,True,True,False,建設業界専門|最短2時間入金|スマホで完結|来店不要|個人事業主OK,建設業界に特化した審査ノウハウ|スマホだけで手続き完結|即日入金に対応,建設業以外は利用できない|手数料がやや高め,3.3,197,2018,建設業|土木業
kis-management,KISマネジメント,ファクタリング・事業資金調達サービス。,https://kis-management.co.jp/,2社間・3社間,3,15,300000,50000000,1,True,True,False,即日入金可能|オンライン対応|個人事業主OK|全国対応|柔軟な審査,対応が迅速|審査が柔軟|全国対応,知名度がやや低い|手数料は個別査定,3.3,198,2018,建設業|運送業|製造業|IT・Web|サービス業
kkt,KKTファクタリング,累計買取額100億円超。手数料2社間1%～、3社間0.5%～の業界最安水準。法人向け。,https://kkt-factoring.jp/,2社間・3社間,0.5,15,300000,100000000,1,True,False,False,手数料0.5%〜|累計100億円超|リピート率89.6%|顧客満足度92.3%|法人向け,業界最安水準の手数料|高いリピート率|幅広い業種に対応,法人のみ対応|土日祝は休み,3.3,199,2018,建設業|運送業|製造業|飲食業|卸売業
lagless,ラグレス,ファクタリングサービス。タイムラグのない資金調達を目指す。,https://lagless.co.jp/,2社間・3社間,3,15,300000,50000000,1,True,True,False,即日入金|スピード重視|個人事業主OK|全国対応|オンライン対応,対応が迅速|審査が柔軟|全国対応,知名度がやや低い|手数料は個別査定,3.3,200,2018,建設業|運送業|製造業|IT・Web|サービス業
link-japan,リンクジャパン,ファクタリング・事業資金調達。法人向け。,https://link-japan.co.jp/,2社間・3社間,3,15,300000,50000000,1,True,True,False,即日入金可能|オンライン対応|個人事業主OK|全国対応|柔軟な審査,対応が迅速|審査が柔軟|全国対応,知名度がやや低い|手数料は個別査定,3.3,201,2018,建設業|運送業|製造業|IT・Web|サービス業
mb-pay,MBpay,ファクタリングサービス。中小企業・個人事業主向け。,https://mb-pay.jp/,2社間・3社間,3,15,300000,50000000,1,True,True,False,即日入金可能|オンライン対応|個人事業主OK|全国対応|柔軟な審査,対応が迅速|審査が柔軟|全国対応,知名度がやや低い|手数料は個別査定,3.3,202,2018,建設業|運送業|製造業|IT・Web|サービス業
minaoshi-honpo,ファクタリング見直し本舗,ファクタリングの乗り換え・見直しに特化したサービス。,https://minaoshi-honpo.jp/,2社間・3社間,2,12,300000,50000000,1,True,True,False,乗り換え特化|手数料改善|無料相談|全国対応|個人事業主OK,対応が迅速|審査が柔軟|全国対応,知名度がやや低い|手数料は個別査定,3.3,203,2018,建設業|運送業|製造業|IT・Web|サービス業
minnano-factoring,みんなのファクタリング,個人事業主・フリーランス向けのオンラインファクタリング。手続きが簡単で少額から利用可能。,https://minnano-factoring.com/,2社間,5,15,10000,5000000,1,True,True,False,個人事業主向け|少額対応|オンライン完結|簡単手続き|即日入金,1万円から少額利用可能|手続きが非常にシンプル|即日で入金される,買取上限が500万円と低い|法人の大口案件には不向き,3.3,204,2021,IT・Web|デザイン|広告・メディア|飲食業
mita-securities,三田証券,証券会社系ファクタリング。金融のプロが対応。,https://www.mita-sec.co.jp/,2社間・3社間,2,10,300000,50000000,1,True,False,False,証券会社運営|ファクタリング|法人向け|金融のプロ|全国対応,対応が迅速|審査が柔軟|全国対応,知名度がやや低い|手数料は個別査定,3.3,205,2018,建設業|運送業|製造業|IT・Web|サービス業
mk-trust,mkトラストマネジメント,中小企業向けファクタリング。丁寧な対応が評判。,https://mk-trust.co.jp/,2社間・3社間,3,15,300000,50000000,1,True,True,False,即日入金可能|オンライン対応|個人事業主OK|全国対応|柔軟な審査,対応が迅速|審査が柔軟|全国対応,知名度がやや低い|手数料は個別査定,3.3,206,2018,建設業|運送業|製造業|IT・Web|サービス業
nihon-planner,日本プランナー,ファクタリング・資金調達サポート。,https://nihon-planner.co.jp/,2社間・3社間,3,15,300000,50000000,1,True,True,False,即日入金可能|オンライン対応|個人事業主OK|全国対応|柔軟な審査,対応が迅速|審査が柔軟|全国対応,知名度がやや低い|手数料は個別査定,3.3,207,2018,建設業|運送業|製造業|IT・Web|サービス業
nikkei-financial,日経フィナンシャルトライ東京,ファクタリング・ファイナンスサービス。東京拠点。,https://nikkei-financial.co.jp/,2社間・3社間,3,15,300000,50000000,1,True,False,False,東京拠点|ファイナンス|法人向け|全国対応|即日対応,対応が迅速|審査が柔軟|全国対応,知名度がやや低い|手数料は個別査定,3.3,208,2018,建設業|運送業|製造業|IT・Web|サービス業
ns-partners,NS PARTNERS,ファクタリング・コンサルティングサービス。,https://ns-partners.co.jp/,2社間・3社間,3,15,300000,50000000,1,True,True,False,即日入金可能|オンライン対応|個人事業主OK|全国対応|柔軟な審査,対応が迅速|審査が柔軟|全国対応,知名度がやや低い|手数料は個別査定,3.3,209,2018,建設業|運送業|製造業|IT・Web|サービス業
ntt-finance,NTTファイナンス,NTTグループのファクタリングサービス。安定基盤と低手数料が魅力。,https://www.ntt-finance.co.jp/,3社間,0.5,3,5000000,50000000,5,False,False,False,NTTグループ運営|低手数料|法人向け|大口対応|全国対応,NTTグループの安心感|手数料が非常に安い|大口取引対応,3社間のみ|個人事業主不可|審査に時間がかかる,3.3,210,1985,IT・Web|通信|製造業|サービス業|建設業
oj-factoring,オージェイ,ファクタリング・資金調達サービス。大阪拠点。,https://oj-factoring.jp/,2社間・3社間,3,15,300000,50000000,1,True,True,False,大阪拠点|関西に強い|即日入金|個人事業主OK|対面相談可,対応が迅速|審査が柔軟|全国対応,知名度がやや低い|手数料は個別査定,3.3,211,2018,建設業|運送業|製造業|IT・Web|サービス業
onebank,ワンバンク請求書買取,個人事業主・フリーランス専門の請求書買取サービス。最短60分で即日現金化、決算書不要。,https://www.onebank.co.jp/,2社間,6,15,10000,10000000,1,True,False,False,最短60分入金|決算書不要|面談不要|50業種以上対応|オンライン完結,決算書が不要で手軽|フリーランスに特化したサービス|最短60分のスピード入金,法人向けの大口案件には不向き|手数料の下限がやや高め,3.3,212,2023,IT・Web|広告・メディア|デザイン|映像制作|飲食業
owl-keizai,アウル経済,経済情報＆ファクタリングサービス。中小企業向け。,https://owl-keizai.co.jp/,2社間・3社間,3,15,300000,50000000,1,True,True,False,即日入金可能|オンライン対応|個人事業主OK|全国対応|柔軟な審査,対応が迅速|審査が柔軟|全国対応,知名度がやや低い|手数料は個別査定,3.3,213,2018,建設業|運送業|製造業|IT・Web|サービス業
paypal-biz-loan,PayPay銀行ビジネスローン,PayPay銀行が提供するビジネスローン。ファクタリングではなく融資型の資金調達。,https://www.paypay-bank.co.jp/business/,2社間,1.8,13.8,300000,50000000,3,True,True,False,PayPay銀行運営|最短翌営業日融資|来店不要|法人・個人事業主OK|ビジネスローン,対応が迅速|審査が柔軟|全国対応,知名度がやや低い|手数料は個別査定,3.3,214,2000,建設業|運送業|製造業|IT・Web|サービス業
quick-factor,クイックファクター,その名の通りスピード重視のファクタリング。即日対応可能。,https://quickfactor.jp/,2社間・3社間,3,15,300000,50000000,1,True,True,False,即日入金|スピード審査|個人事業主OK|全国対応|オンライン対応,対応が迅速|審査が柔軟|全国対応,知名度がやや低い|手数料は個別査定,3.3,215,2018,建設業|運送業|製造業|IT・Web|サービス業
quick-management,クイックマネジメント,最短30分のスピード入金。オンライン完結で全国対応、AIを活用した審査で手続きがスムーズ。,https://qm-factoring.com/,2社間,1,15,300000,50000000,1,True,False,False,最短30分入金|AI審査|オンライン完結|金額制限なし|全国対応,最短30分のスピード入金|AI審査でスムーズ|金額制限がない,2社間ファクタリングのみ|新しい会社で実績が少なめ,3.3,216,2021,IT・Web|建設業|運送業|広告・メディア
regu-pay,レグペイ,ファクタリングサービス。法人向けの資金調達。,https://regu-pay.jp/,2社間・3社間,3,15,300000,50000000,1,True,True,False,即日入金可能|オンライン対応|個人事業主OK|全国対応|柔軟な審査,対応が迅速|審査が柔軟|全国対応,知名度がやや低い|手数料は個別査定,3.3,217,2018,建設業|運送業|製造業|IT・Web|サービス業
replan,リプラン,ファクタリングの乗り換え・再プランニングサービス。,https://replan-factoring.jp/,2社間・3社間,2,12,300000,50000000,1,True,True,False,乗り換え対応|手数料改善|無料相談|個人事業主OK|全国対応,対応が迅速|審査が柔軟|全国対応,知名度がやや低い|手数料は個別査定,3.3,218,2018,建設業|運送業|製造業|IT・Web|サービス業
resona-ks,りそな決済サービス,りそなグループの決済サービス。ファクタリング・電子記録債権の買取に対応。,https://www.resona-ks.co.jp/,3社間,1,5,5000000,50000000,3,False,False,False,りそなグループ|大手金融機関|法人向け|大口対応|全国対応,対応が迅速|審査が柔軟|全国対応,知名度がやや低い|手数料は個別査定,3.3,219,2001,建設業|運送業|製造業|IT・Web|サービス業
rico-lease,リコーリース,リコーグループのリース・ファクタリングサービス。安定基盤の大手。,https://www.r-lease.co.jp/,3社間,1,5,5000000,50000000,5,False,False,False,リコーグループ|東証プライム上場|法人向け|大口対応|全国対応,上場企業グループ|安定した資金力,3社間のみ|個人事業主不可,3.3,220,1976,製造業|IT・Web|サービス業|建設業|卸売業
rise-factoring,Rise,ファクタリング・資金調達サービス。中小企業向け。,https://risefactoring.jp/,2社間・3社間,3,15,300000,50000000,1,True,True,False,即日入金可能|オンライン対応|個人事業主OK|全国対応|柔軟な審査,対応が迅速|審査が柔軟|全国対応,知名度がやや低い|手数料は個別査定,3.3,221,2018,建設業|運送業|製造業|IT・Web|サービス業
rising-investment,ライジングインベストメント,投資＆ファクタリングサービス。資金調達をサポート。,https://rising-investment.jp/,2社間・3社間,3,15,300000,50000000,1,True,True,False,即日入金可能|オンライン対応|個人事業主OK|全国対応|柔軟な審査,対応が迅速|審査が柔軟|全国対応,知名度がやや低い|手数料は個別査定,3.3,222,2018,建設業|運送業|製造業|IT・Web|サービス業
s-factoring,Sファクタリング,法人・個人事業主対応のファクタリングサービス。柔軟な審査で最短即日の資金調達が可能。,https://s-factoring.jp/,2社間,3,15,100000,30000000,1,True,True,False,柔軟な審査|最短即日入金|オンライン完結|個人事業主OK|全国対応,審査が柔軟で通りやすい|オンラインで完結|即日入金に対応,知名度が低い|手数料の幅が広い,3.3,223,2020,IT・Web|建設業|小売業|サービス業
saison-medical,セゾン診療報酬ファクタリング,セゾンが提供する診療・介護・調剤報酬ファクタリング。,https://www.saisoncard.co.jp/business/factoring/,3社間,0.5,3,300000,50000000,5,True,False,False,セゾングループ|医療機関向け|診療報酬対応|介護報酬対応|調剤報酬対応,対応が迅速|審査が柔軟|全国対応,知名度がやや低い|手数料は個別査定,3.3,224,2000,医療・介護
sanctuary,サンクチュアリ,ファクタリングサービス。中小企業の資金繰り改善。,https://sanctuary-factoring.jp/,2社間・3社間,3,15,300000,50000000,1,True,True,False,即日入金可能|オンライン対応|個人事業主OK|全国対応|柔軟な審査,対応が迅速|審査が柔軟|全国対応,知名度がやや低い|手数料は個別査定,3.3,225,2018,建設業|運送業|製造業|IT・Web|サービス業
sc-medical,SCメディカル,医療業界向けファクタリング。診療報酬の早期資金化。,https://sc-medical.co.jp/,3社間,1,5,300000,50000000,3,True,False,False,医療業界特化|診療報酬対応|法人向け|全国対応|専門スタッフ,対応が迅速|審査が柔軟|全国対応,知名度がやや低い|手数料は個別査定,3.3,226,2018,医療・介護
seino-financial,セイノーフィナンシャル,セイノーグループのファイナンスサービス。物流業界に強い。,https://www.seino-financial.co.jp/,3社間,1,5,300000,50000000,3,True,False,False,セイノーグループ|物流業界に強い|法人向け|大手運営|全国対応,対応が迅速|審査が柔軟|全国対応,知名度がやや低い|手数料は個別査定,3.3,227,2000,運送業|物流|製造業
shikin-honpo,資金調達本舗,資金調達の専門サービス。ファクタリングを中心とした資金繰り支援。,https://shikin-honpo.jp/,2社間・3社間,3,15,300000,50000000,1,True,True,False,即日入金可能|オンライン対応|個人事業主OK|全国対応|柔軟な審査,対応が迅速|審査が柔軟|全国対応,知名度がやや低い|手数料は個別査定,3.3,228,2018,建設業|運送業|製造業|IT・Web|サービス業
shikin-pay,資金調達ペイ,オンライン完結型のファクタリングサービス。最短即日入金、必要書類が少なくスピーディーな手続き。,https://shikin-pay.com/,2社間,3,15,100000,50000000,1,True,True,False,オンライン完結|最短即日入金|書類が少ない|全国対応|個人事業主OK,オンラインで手軽に利用可能|必要書類が少ない|即日入金に対応,対面相談ができない|知名度がまだ低い,3.3,229,2020,IT・Web|建設業|製造業|小売業
shikin-quick,資金調達QUICK,手数料1%～。最短10分入金、累計申込10万件超のオンラインファクタリング。,https://shikin-quick.com/,2社間,1,15,10000,50000000,1,True,True,False,最短10分入金|手数料1%〜|累計10万件超|オンライン完結|個人事業主OK,最短10分のスピード|手数料が安い|実績豊富,2者間のみ|手数料上限が高い場合も,3.3,230,2020,IT・Web|建設業|小売業|サービス業|飲食業
shikinchotatsu-direct,資金調達ダイレクト,ファクタリングの直接取引サービス。中間マージンなし。,https://shikinchotatsu-direct.jp/,2社間・3社間,2,12,300000,50000000,1,True,True,False,直接取引|中間マージンなし|即日入金|個人事業主OK|全国対応,対応が迅速|審査が柔軟|全国対応,知名度がやや低い|手数料は個別査定,3.3,231,2018,建設業|運送業|製造業|IT・Web|サービス業
shinki-corp,シンキコーポレーション,ファクタリングサービス。法人向け資金調達。,https://shinki-corp.jp/,2社間・3社間,3,15,300000,50000000,1,True,True,False,即日入金可能|オンライン対応|個人事業主OK|全国対応|柔軟な審査,対応が迅速|審査が柔軟|全国対応,知名度がやや低い|手数料は個別査定,3.3,232,2018,建設業|運送業|製造業|IT・Web|サービス業
shoko-shoji,晶光商事,ファクタリング・金融サービス。中小企業の資金繰り支援。,https://shoko-shoji.co.jp/,2社間・3社間,3,15,300000,50000000,1,True,True,False,即日入金可能|オンライン対応|個人事業主OK|全国対応|柔軟な審査,対応が迅速|審査が柔軟|全国対応,知名度がやや低い|手数料は個別査定,3.3,233,2005,建設業|運送業|製造業|IT・Web|サービス業
shukran,シュクラン,ファクタリング・資金調達サービス。柔軟な対応が特長。,https://shukran-factoring.jp/,2社間・3社間,3,15,300000,50000000,1,True,True,False,即日入金可能|オンライン対応|個人事業主OK|全国対応|柔軟な審査,対応が迅速|審査が柔軟|全国対応,知名度がやや低い|手数料は個別査定,3.3,234,2018,建設業|運送業|製造業|IT・Web|サービス業
sig-solution,SIGソリューション,ファクタリング・ソリューションサービス。法人向け。,https://sig-solution.co.jp/,2社間・3社間,3,15,300000,50000000,1,True,True,False,即日入金可能|オンライン対応|個人事業主OK|全国対応|柔軟な審査,対応が迅速|審査が柔軟|全国対応,知名度がやや低い|手数料は個別査定,3.3,235,2018,建設業|運送業|製造業|IT・Web|サービス業
sme-support,SMEサポート,中小企業向けファクタリング・資金調達サポート。,https://sme-support.co.jp/,2社間・3社間,3,15,300000,50000000,1,True,True,False,即日入金可能|オンライン対応|個人事業主OK|全国対応|柔軟な審査,対応が迅速|審査が柔軟|全国対応,知名度がやや低い|手数料は個別査定,3.3,236,2018,建設業|運送業|製造業|IT・Web|サービス業
sms-financial,SMSフィナンシャル,ファイナンシャルサービス。ファクタリング対応。,https://sms-financial.co.jp/,2社間・3社間,3,15,300000,50000000,1,True,True,False,即日入金可能|オンライン対応|個人事業主OK|全国対応|柔軟な審査,対応が迅速|審査が柔軟|全国対応,知名度がやや低い|手数料は個別査定,3.3,237,2018,建設業|運送業|製造業|IT・Web|サービス業
sol-support,SOL support,ファクタリング・資金調達サービス。中小企業をサポート。,https://sol-support.co.jp/,2社間・3社間,3,15,300000,50000000,1,True,True,False,即日入金可能|オンライン対応|個人事業主OK|全国対応|柔軟な審査,対応が迅速|審査が柔軟|全国対応,知名度がやや低い|手数料は個別査定,3.3,238,2018,建設業|運送業|製造業|IT・Web|サービス業
ssk-factoring,SSKファクタリング,SSKホールディングスのファクタリングサービス。,https://ssk-holdings.co.jp/,2社間・3社間,3,15,300000,50000000,1,True,True,False,即日入金可能|オンライン対応|個人事業主OK|全国対応|柔軟な審査,対応が迅速|審査が柔軟|全国対応,知名度がやや低い|手数料は個別査定,3.3,239,2018,建設業|運送業|製造業|IT・Web|サービス業
suga-finance,すがファイナンス,個人事業主から法人まで幅広く対応するファクタリング会社。,https://suga-finance.co.jp/,2社間・3社間,3,18,300000,50000000,1,True,True,False,即日入金可能|オンライン対応|個人事業主OK|全国対応|柔軟な審査,対応が迅速|審査が柔軟|全国対応,知名度がやや低い|手数料は個別査定,3.3,240,2018,建設業|運送業|製造業|IT・Web|サービス業
t-and-s,ティー・アンド・エス,ファクタリング・事業資金の調達をサポート。全国対応。,https://t-and-s.info/,2社間・3社間,3,15,300000,50000000,1,True,True,False,即日入金可能|オンライン対応|個人事業主OK|全国対応|柔軟な審査,対応が迅速|審査が柔軟|全国対応,知名度がやや低い|手数料は個別査定,3.3,241,2018,建設業|運送業|製造業|IT・Web|サービス業
techpay,テックペイ,テクノロジーを活用したファクタリングサービス。,https://techpay.jp/,2社間・3社間,2,12,300000,50000000,1,True,True,False,テクノロジー活用|オンライン完結|即日入金|個人事業主OK|全国対応,対応が迅速|審査が柔軟|全国対応,知名度がやや低い|手数料は個別査定,3.3,242,2018,建設業|運送業|製造業|IT・Web|サービス業
third-eye,サードアイ,ファクタリング・資金調達コンサルティング。,https://third-eye.co.jp/,2社間・3社間,3,15,300000,50000000,1,True,True,False,即日入金可能|オンライン対応|個人事業主OK|全国対応|柔軟な審査,対応が迅速|審査が柔軟|全国対応,知名度がやや低い|手数料は個別査定,3.3,243,2018,建設業|運送業|製造業|IT・Web|サービス業
tick,ティック,ファクタリングサービス。迅速な対応で中小企業をサポート。,https://tick-factoring.jp/,2社間・3社間,3,15,300000,50000000,1,True,True,False,即日入金可能|オンライン対応|個人事業主OK|全国対応|柔軟な審査,対応が迅速|審査が柔軟|全国対応,知名度がやや低い|手数料は個別査定,3.3,244,2018,建設業|運送業|製造業|IT・Web|サービス業
toshin-shoji,東信商事,ファクタリング・商業金融サービス。,https://toshin-shoji.co.jp/,2社間・3社間,3,15,300000,50000000,1,True,True,False,即日入金可能|オンライン対応|個人事業主OK|全国対応|柔軟な審査,対応が迅速|審査が柔軟|全国対応,知名度がやや低い|手数料は個別査定,3.3,245,2018,建設業|運送業|製造業|IT・Web|サービス業
transaction-finance,トランザクションファイナンス,取引金融のプロフェッショナル。ファクタリング対応。,https://transaction-finance.jp/,2社間・3社間,2,10,300000,50000000,1,True,True,False,即日入金可能|オンライン対応|個人事業主OK|全国対応|柔軟な審査,対応が迅速|審査が柔軟|全国対応,知名度がやや低い|手数料は個別査定,3.3,246,2018,建設業|運送業|製造業|IT・Web|サービス業
trapay,トラペイ,オンライン完結型ファクタリング。手数料は業界最安水準、必要書類も少なく初めてでも簡単に利用可能。,https://trapay.jp/,2社間,2,12,100000,50000000,1,True,False,False,オンライン完結|業界最安水準の手数料|必要書類が少ない|全国対応|法人・個人対応,手数料が低く抑えられる|オンラインで全て完結|書類が少なく手軽,対面での相談ができない|知名度がまだ低い,3.3,247,2022,IT・Web|製造業|小売業|サービス業
vistia,VISTIA（ヴィスティア）,東京秋葉原拠点のファクタリング会社。法人向け売掛金買取サービスを提供。,https://vistia-factoring.jp/,2社間・3社間,3,15,100000,50000000,1,True,False,False,即日入金対応|法人向け|柔軟な審査|全国対応|少額対応,柔軟な審査基準|即日入金可能|対面でも相談可,知名度がやや低い|手数料上限がやや高い,3.3,248,2019,建設業|運送業|IT・Web|製造業|サービス業
whatever,ワットエバー,ファクタリングサービス。中小企業の資金繰りをサポート。,https://wtte.jp/,2社間・3社間,3,15,300000,50000000,1,True,True,False,即日入金可能|オンライン対応|個人事業主OK|全国対応|柔軟な審査,対応が迅速|審査が柔軟|全国対応,知名度がやや低い|手数料は個別査定,3.3,249,2018,建設業|運送業|製造業|IT・Web|サービス業
witt,ウィット,小口専門のファクタリング会社。500万円以下の少額債権に特化し、電話1本で即日対応。,https://witt-factoring.jp/,2社間,5,20,100000,5000000,1,True,True,False,小口専門500万円以下|電話1本で対応|即日入金|来店不要|個人事業主OK,少額でも気軽に利用できる|電話1本で手続き開始|小回りの利く対応,500万円超の案件は対応不可|手数料がやや高め,3.3,250,2016,小売業|飲食業|サービス業|IT・Web|建設業
yamaki-shoji,山輝商事,ファクタリング・商事金融サービス。,https://yamaki-shoji.co.jp/,2社間・3社間,3,15,300000,50000000,1,True,True,False,即日入金可能|オンライン対応|個人事業主OK|全国対応|柔軟な審査,対応が迅速|審査が柔軟|全国対応,知名度がやや低い|手数料は個別査定,3.3,251,2018,建設業|運送業|製造業|IT・Web|サービス業
zaimu-saisei,財務再生支援センター,財務再生＆ファクタリングサービス。経営改善をサポート。,https://zaimu-saisei.com/,2社間・3社間,3,15,300000,50000000,1,True,False,False,財務再生支援|ファクタリング|経営改善|全国対応|コンサルティング,対応が迅速|審査が柔軟|全国対応,知名度がやや低い|手数料は個別査定,3.3,252,2018,建設業|運送業|製造業|IT・Web|サービス業
zaimukaikei-shien,財務会計支援機構,ファクタリング・財務コンサルティングサービス。,https://zaimukaikei-shien.or.jp/,2社間・3社間,3,15,300000,50000000,1,True,False,False,財務コンサル|ファクタリング|経営支援|全国対応|法人向け,対応が迅速|審査が柔軟|全国対応,知名度がやや低い|手数料は個別査定,3.3,253,2018,建設業|運送業|製造業|IT・Web|サービス業
zero-factoring,ファクタリングZERO,西日本エリアに強いファクタリング会社。手数料が安く地域密着型。,https://factoring-zero.com/,2社間・3社間,1.5,10,300000,50000000,1,True,True,False,西日本に強い|手数料1.5%〜|最短即日入金|対面相談可|個人事業主OK,西日本エリアに密着した対応|手数料が安い|対面でも相談可能,東日本では対面対応が難しい場合も|大口案件は別途相談,3.3,254,2018,建設業|運送業|製造業|小売業|飲食業
